Word,Wordgroup,M16,M17,M18,M19,M20,M21,M22,M23,M24,M25,M26,M27,M28,M29,M30
no,Games and Routines,82.1,81.8,76.2,87.7,86.2,94.4,91.7,97.6,96.3,97.3,96.2,95.1,94.8,98.3,100
cookie,Food and Drink,59,66.7,58.7,82.2,78.7,86.1,81.9,96.5,82.2,96,92.3,93.8,94.8,98.3,100
bath,Games and Routines,43.6,57.6,48.7,67.1,68.1,77.8,83.3,89.4,81.3,89.3,93.6,95.1,91.4,91.7,100
please,Games and Routines,32.1,39.4,40,56.2,70.2,77.8,79.2,88.2,90.7,88,91,95.1,98.3,96.7,100
yes,Games and Routines,37.2,42.4,48.7,63,75.5,76.4,79.2,84.7,91.6,90.7,91,95.1,91.4,95,100
balloon,Toys,59,48.5,71.2,76.7,73.4,86.1,86.1,94.1,86,94.7,89.7,95.1,94.8,96.7,100
bubbles,Toys,42.3,47,56.2,65.8,72.3,77.8,76.4,88.2,84.1,88,87.2,93.8,91.4,91.7,100
cheese,Food and Drink,44.9,50,61.2,68.5,76.6,79.2,81.9,91.8,84.1,92,91,95.1,91.4,95,100
pants,Clothing,19.2,12.1,18.8,43.8,40.4,55.6,58.3,74.1,70.1,80,78.2,85.2,89.7,90,100
sock,Clothing,43.6,50,58.7,71.2,72.3,81.9,80.6,92.9,82.2,92,91,95.1,93.1,95,100
keys,Small Household Items,41,53,48.7,74,73.4,77.8,83.3,91.8,83.2,90.7,92.3,96.3,96.6,96.7,100
door,Furniture and Rooms,28.2,28.8,36.2,52.1,59.6,65.3,76.4,77.6,76.6,90.7,83.3,93.8,91.4,88.3,100
baby,People,66.7,80.3,75,83.6,87.2,90.3,90.3,96.5,90.7,97.3,96.2,92.6,96.6,95,100
ball,Toys,84.6,86.4,87.5,94.5,96.8,98.6,95.8,97.6,91.6,98.7,97.4,98.8,96.6,100,100
go,Action Words,32.1,37.9,40,52.1,70.2,75,70.8,88.2,81.3,88,89.7,88.9,86.2,90,100
cold,Descriptive Words,24.4,24.2,30,53.4,55.3,68.1,73.6,82.4,73.8,85.3,80.8,90.1,89.7,93.3,100
nose,Body Parts,55.1,56.1,62.5,80.8,81.9,87.5,88.9,95.3,85,96,91,98.8,96.6,96.7,100
light,Small Household Items,35.9,30.3,46.2,47.9,68.1,68.1,81.9,83.5,74.8,86.7,84.6,90.1,94.8,90,100
water (item),Outside Things,34.6,34.8,43.7,65.8,71.3,73.6,76.4,85.9,81.3,90.7,83.3,96.3,91.4,91.7,100
eat,Action Words,34.6,25.8,40,60.3,54.3,72.2,73.6,83.5,79.4,90.7,85.9,93.8,91.4,95,100
juice,Food and Drink,59,51.5,61.2,78.1,81.9,87.5,88.9,96.5,87.9,90.7,96.2,97.5,94.8,95,100
milk,Food and Drink,42.3,43.9,46.2,72.6,66,75,77.8,90.6,81.3,92,92.3,96.3,96.6,98.3,100
arm,Body Parts,12.8,24.2,22.5,42.5,46.8,56.9,68.1,81.2,68.2,76,79.5,86.4,91.4,90,100
foot,Body Parts,26.9,34.8,41.2,58.9,62.8,70.8,69.4,87.1,78.5,90.7,85.9,96.3,91.4,93.3,100
soap,Small Household Items,15.4,15.2,21.3,43.8,51.1,59.7,59.7,71.8,73.8,81.3,71.8,88.9,82.8,88.3,100
grandma,People,42.3,48.5,56.2,65.8,70.2,72.2,79.2,94.1,86,92,92.3,95.1,93.1,95,98.6
thank you,Games and Routines,44.9,48.5,50,60.3,66,77.8,79.2,82.4,85,88,92.3,96.3,96.6,95,98.6
car,Vehicles (Real or Toy),52.6,56.1,62.5,83.6,79.8,84.7,88.9,94.1,84.1,94.7,89.7,95.1,96.6,98.3,98.6
apple,Food and Drink,38.5,51.5,61.2,74,74.5,79.2,88.9,90.6,84.1,93.3,89.7,97.5,94.8,98.3,98.6
wet,Descriptive Words,16.7,13.6,22.5,39.7,44.7,54.2,62.5,69.4,67.3,77.3,79.5,90.1,87.9,86.7,98.6
telephone,Small Household Items,26.9,18.2,26.3,46.6,53.2,61.1,70.8,76.5,70.1,88,83.3,88.9,91.4,93.3,98.6
bed,Furniture and Rooms,15.4,21.2,28.8,49.3,56.4,61.1,68.1,83.5,77.6,89.3,82.1,93.8,94.8,91.7,98.6
daddy,People,97.4,98.5,96.2,97.3,98.9,97.2,94.4,98.8,96.3,98.7,98.7,98.8,98.3,100,98.6
horse,Animals (Real or Toy),30.8,34.8,41.2,57.5,56.4,69.4,70.8,81.2,82.2,85.3,91,92.6,93.1,93.3,98.6
walk,Action Words,15.4,15.2,30,39.7,36.2,50,59.7,69.4,62.6,73.3,71.8,85.2,79.3,88.3,98.6
hot,Descriptive Words,62.8,71.2,70,76.7,81.9,90.3,93.1,90.6,87.9,89.3,96.2,95.1,93.1,96.7,98.6
eye,Body Parts,57.7,71.2,73.7,86.3,85.1,91.7,93.1,96.5,91.6,97.3,94.9,98.8,96.6,100,98.6
hair,Body Parts,32.1,28.8,35,61.6,69.1,81.9,79.2,94.1,80.4,88,87.2,95.1,93.1,95,98.6
toe,Body Parts,24.4,34.8,36.2,57.5,50,62.5,66.7,80,74.8,78.7,79.5,92.6,89.7,86.7,98.6
cup,Small Household Items,32.1,33.3,45,63,68.1,66.7,80.6,87.1,79.4,90.7,89.7,95.1,93.1,88.3,98.6
pillow,Small Household Items,16.7,16.7,22.5,38.4,47.9,50,56.9,81.2,58.9,81.3,75.6,82.7,87.9,90,98.6
bathtub,Furniture and Rooms,15.4,21.2,28.8,37,44.7,47.2,59.7,71.8,63.6,74.7,80.8,84,81,83.3,98.6
outside,Places to Go,39.7,37.9,40,65.8,66,69.4,76.4,87.1,72.9,86.7,87.2,91.4,86.2,90,98.6
bird,Animals (Real or Toy),56.4,65.2,67.5,79.5,80.9,81.9,87.5,89.4,89.7,96,94.9,93.8,96.6,96.7,98.6
book,Toys,57.7,63.6,66.2,91.8,81.9,87.5,80.6,96.5,89.7,93.3,91,96.3,96.6,93.3,98.6
fall,Action Words,16.7,4.5,13.8,30.1,29.8,47.2,55.6,70.6,60.7,80,80.8,85.2,87.9,83.3,98.6
banana,Food and Drink,47.4,65.2,65,69.9,73.4,87.5,87.5,91.8,75.7,90.7,85.9,97.5,96.6,95,98.6
hug,Action Words,21.8,15.2,23.8,38.4,40.4,59.7,58.3,76.5,64.5,81.3,79.5,86.4,84.5,91.7,98.6
kiss,Action Words,23.1,22.7,25,47.9,46.8,58.3,66.7,81.2,75.7,85.3,87.2,87.7,86.2,93.3,98.6
cracker,Food and Drink,43.6,51.5,46.2,67.1,66,76.4,73.6,90.6,77.6,85.3,83.3,88.9,94.8,88.3,98.6
ice cream,Food and Drink,15.4,19.7,28.8,46.6,44.7,43.1,61.1,84.7,72.9,84,84.6,91.4,91.4,91.7,98.6
pizza,Food and Drink,11.5,18.2,18.8,31.5,45.7,45.8,62.5,70.6,68.2,76,78.2,90.1,89.7,93.3,98.6
shoe,Clothing,59,72.7,82.5,89,89.4,93.1,94.4,97.6,90.7,97.3,96.2,97.5,96.6,100,98.6
ear,Body Parts,38.5,50,53.7,75.3,70.2,79.2,83.3,94.1,80.4,92,91,97.5,89.7,96.7,98.6
toothbrush,Small Household Items,17.9,16.7,28.8,39.7,53.2,56.9,63.9,77.6,72,78.7,78.2,87.7,91.4,90,98.6
TV,Furniture and Rooms,17.9,25.8,25,54.8,52.1,65.3,65.3,69.4,74.8,88,82.1,88.9,89.7,91.7,98.6
mommy,People,94.9,98.5,96.2,94.5,97.9,98.6,95.8,99.8,99.1,98.7,98.7,98.8,98.3,100,98.6
bye,Games and Routines,85.9,90.9,86.2,86.3,91.5,91.7,90.3,97.6,93.5,97.3,97.4,93.8,98.3,98.3,98.6
bicycle,Vehicles (Real or Toy),26.9,22.7,32.5,52.1,51.1,59.7,73.6,80,71,80,83.3,90.1,91.4,88.3,98.6
truck,Vehicles (Real or Toy),28.2,36.4,53.7,61.6,72.3,73.6,84.7,89.4,83.2,88,92.3,96.3,91.4,96.7,98.6
dirty,Descriptive Words,21.8,16.7,27.5,50.7,51.1,69.4,66.7,82.4,76.6,82.7,83.3,90.1,89.7,90,98.6
kitty,Animals (Real or Toy),62.8,60.6,61.2,82.2,75.5,84.7,81.9,90.6,86,94.7,91,91.4,93.1,96.7,97.1
airplane,Vehicles (Real or Toy),38.5,39.4,47.5,54.8,68.1,77.8,77.8,87.1,77.6,89.3,91,96.3,93.1,95,97.1
love,Action Words,17.9,13.6,20,28.8,34,45.8,47.2,63.5,60.7,76,65.4,66.7,81,85,97.1
wash,Action Words,11.5,6.1,10,19.2,35.1,40.3,52.8,62.4,63.6,65.3,71.8,70.4,74.1,78.3,97.1
button,Clothing,21.8,19.7,37.5,46.6,51.1,54.2,61.1,78.8,65.4,74.7,76.9,76.5,84.5,80,97.1
blanket,Small Household Items,28.2,25.8,37.5,50.7,58.5,68.1,66.7,87.1,75.7,90.7,87.2,90.1,91.4,95,97.1
paper,Small Household Items,15.4,12.1,18.8,39.7,38.3,51.4,55.6,70.6,65.4,74.7,79.5,81.5,86.2,91.7,97.1
flower,Outside Things,33.3,37.9,48.7,54.8,63.8,66.7,69.4,87.1,77.6,85.3,80.8,92.6,87.9,91.7,97.1
night night,Games and Routines,51.3,63.6,52.5,65.8,78.7,88.9,79.2,94.1,78.5,92,91,91.4,93.1,93.3,97.1
train,Vehicles (Real or Toy),14.1,18.2,26.3,38.4,53.2,58.3,65.3,74.1,72,84,80.8,92.6,93.1,85,97.1
toy,Toys,26.9,19.7,23.8,50.7,53.2,59.7,59.7,71.8,73.8,84,84.6,84,87.9,96.7,97.1
big,Descriptive Words,16.7,12.1,17.5,35.6,45.7,56.9,68.1,71.8,66.4,81.3,83.3,85.2,86.2,81.7,97.1
buttocks,Body Parts,17.9,22.7,25,45.2,46.8,58.3,59.7,72.9,69.2,74.7,80.8,86.4,84.5,86.7,97.1
bowl,Small Household Items,12.8,7.6,23.8,35.6,40.4,50,51.4,64.7,63.6,78.7,70.5,84,84.5,81.7,97.1
chair,Furniture and Rooms,23.1,25.8,40,50.7,55.3,68.1,69.4,83.5,77.6,90.7,84.6,93.8,93.1,90,97.1
kitchen,Furniture and Rooms,11.5,4.5,10,23.3,24.5,36.1,40.3,62.4,54.2,64,73.1,75.3,86.2,86.7,97.1
dog,Animals (Real or Toy),71.8,81.8,78.7,82.2,87.2,93.1,88.9,95.3,91.6,97.4,99.6,96.3,98.3,100,97.1
water (food),Food and Drink,34.6,39.4,35,60.3,68.1,70.8,75,84.7,82.2,88,83.3,97.5,91.4,88.3,97.1
broken,Descriptive Words,9,4.5,8.8,30.1,37.2,48.6,54.2,70.6,67.3,77.3,79.5,86.4,77.6,85,97.1
belly button,Body Parts,37.2,36.4,36.2,54.8,62.8,66.7,61.1,75.3,70.1,81.3,80.8,86.4,82.8,86.7,97.1
spoon,Small Household Items,25.6,31.8,46.2,57.5,66,72.2,77.8,87.1,76.6,90.7,83.3,96.3,91.4,91.7,97.1
moo,Sound Effects and Animal Sounds,59,60.6,63.7,65.8,78.7,76.4,81.9,92.9,87.9,93.3,92.3,91.4,93.1,90,97.1
crayon,Toys,12.8,13.6,18.8,32.9,40.4,50,50,60,66.4,72,71.8,81.5,82.8,83.3,97.1
grapes,Food and Drink,20.5,19.7,21.3,42.5,47.9,52.8,69.4,77.6,65.4,73.3,75.6,88.9,84.5,90,97.1
shirt,Clothing,17.9,15.2,26.3,45.2,45.7,55.6,63.9,81.2,67.3,76,82.1,86.4,84.5,88.3,97.1
head,Body Parts,16.7,15.2,22.5,46.6,42.6,56.9,58.3,75.3,67.3,77.3,78.2,84,86.2,88.3,97.1
mouth,Body Parts,26.9,33.3,41.2,67.1,62.8,63.9,70.8,87.1,77.6,84,84.6,90.1,89.7,91.7,97.1
tummy,Body Parts,23.1,16.7,22.5,47.9,55.3,51.4,68.1,81.2,74.8,77.3,83.3,84,87.9,91.7,97.1
more,Quantifiers and Articles,32.1,28.8,41.2,58.9,56.4,65.3,73.6,82.4,74.8,78.7,84.6,92.6,93.1,80,97.1
meow,Sound Effects and Animal Sounds,62.8,48.5,67.5,68.5,75.5,84.7,84.7,92.9,90.7,93.3,94.9,96.3,94.8,95,97.1
bear,Animals (Real or Toy),42.3,47,48.7,60.3,66,72.2,73.6,85.9,75.7,81.3,84.6,87.7,93.1,86.7,95.7
duck,Animals (Real or Toy),52.6,59.1,57.5,71.2,77.7,80.6,83.3,88.2,87.9,94.7,97.4,96.3,98.3,91.7,95.7
cry,Action Words,14.1,13.6,16.3,34.2,42.6,47.2,58.3,71.8,67.3,86.7,80.8,82.7,84.5,81.7,95.7
drink (food),Food and Drink,23.1,27.3,21.3,45.2,44.7,55.6,69.4,76.5,72.9,80,82.1,80.2,82.8,85,95.7
spaghetti,Food and Drink,9,9.1,17.5,23.3,27.7,34.7,43.1,56.5,59.8,65.3,69.2,71.6,75.9,83.3,95.7
hand,Body Parts,17.9,22.7,27.5,54.8,56.4,66.7,65.3,81.2,71,86.7,85.9,88.9,89.7,91.7,95.7
money,Small Household Items,15.4,12.1,16.3,42.5,44.7,43.1,54.2,76.5,63.6,78.7,78.2,82.7,87.9,90,95.7
me,Pronouns,21.8,25.8,21.3,43.8,50,54.2,62.5,71.8,75.7,77.3,67.9,87.7,86.2,78.3,95.7
potty,Furniture and Rooms,20.5,16.7,28.8,47.9,46.8,52.8,61.1,75.3,76.6,80,82.1,82.7,86.2,93.3,95.7
window,Furniture and Rooms,11.5,10.6,15,30.1,36.2,41.7,44.4,63.5,53.3,74.7,69.2,80.2,84.5,88.3,95.7
child's name,People,32.1,40.9,42.5,56.2,55.3,68.1,66.7,78.8,72.9,84,85.9,93.8,93.1,96.7,95.7
hi,Games and Routines,79.5,86.4,80,86.3,91.5,94.4,93.1,96.5,93.5,98.7,97.4,98.8,96.6,95,95.7
look,Action Words,14.1,4.5,10,24.7,17,36.1,31.9,52.9,52.3,61.3,73.1,71.6,77.6,86.7,95.7
leg,Body Parts,11.5,7.6,17.5,37,36.2,45.8,54.2,69.4,62.6,74.7,79.5,82.7,79.3,81.7,95.7
work (place),Places to Go,11.5,9.1,16.3,24.7,37.2,38.9,55.6,67.1,60.7,78.7,78.2,88.9,81,78.3,95.7
fish (animal),Animals (Real or Toy),43.6,36.4,50,63,68.1,68.1,73.6,90.6,80.4,92,88.5,91.4,93.1,96.7,95.7
puppy,Animals (Real or Toy),24.4,24.2,37.5,50.7,50,63.9,63.9,78.8,79.4,78.7,83.3,75.3,77.6,85,95.7
boat,Vehicles (Real or Toy),41,34.8,50,64.4,69.1,65.3,77.8,88.2,82.2,89.3,87.2,95.1,94.8,91.7,95.7
cake,Food and Drink,14.1,15.2,21.3,35.6,38.3,44.4,58.3,70.6,72.9,76,76.9,86.4,84.5,88.3,95.7
open,Action Words,23.1,18.2,25,35.6,44.7,50,63.9,74.1,67.3,77.3,83.3,88.9,86.2,88.3,95.7
all gone,Descriptive Words,39.7,48.5,46.2,72.6,76.6,77.8,81.9,90.6,82.2,88,88.5,86.4,89.7,90,95.7
diaper,Clothing,32.1,33.3,37.5,58.9,60.6,75,70.8,84.7,79.4,92,84.6,86.4,93.1,95,95.7
knee,Body Parts,16.7,15.2,20,37,44.7,51.4,62.5,74.1,67.3,81.3,78.2,80.2,81,81.7,95.7
tooth,Body Parts,23.1,33.3,37.5,56.2,57.4,59.7,66.7,81.2,72,78.7,80.8,85.2,84.5,91.7,95.7
bathroom,Furniture and Rooms,12.8,3,12.5,28.8,31.9,38.9,50,58.8,51.4,72,71.8,76.5,86.2,85,95.7
elephant,Animals (Real or Toy),14.1,19.7,25,35.6,35.1,47.2,50,65.9,61.7,66.7,76.9,81.5,86.2,86.7,95.7
egg,Food and Drink,28.2,15.2,27.5,45.2,48.9,54.2,56.9,74.1,66.4,81.3,80.8,90.1,81,83.3,95.7
play,Action Words,14.1,7.6,12.5,31.5,31.9,37.5,47.2,71.8,63.6,73.3,80.8,84,81,91.7,95.7
orange (food),Food and Drink,14.1,15.2,25,43.8,40.4,48.6,61.1,67.1,56.1,68,79.5,88.9,86.2,90,95.7
bottle,Small Household Items,61.5,53,56.2,74,76.6,79.2,86.1,83.5,81.3,88,88.5,90.1,93.1,90,95.7
fork,Small Household Items,14.1,16.7,23.8,41.1,48.9,55.6,61.1,78.8,67.3,77.3,75.6,93.8,91.4,86.7,95.7
table,Furniture and Rooms,9,6.1,15,28.8,29.8,37.5,45.8,62.4,57.9,73.3,71.8,76.5,81,85,95.7
tree,Outside Things,28.2,22.7,38.7,50.7,68.1,65.3,63.9,84.7,75.7,85.3,80.8,91.4,82.8,88.3,95.7
cow,Animals (Real or Toy),29.5,30.3,43.7,53.4,60.6,65.3,70.8,82.4,78.5,85.3,87.2,87.7,93.1,88.3,94.3
shh,Games and Routines,37.2,53,48.7,61.6,54.3,76.4,68.1,80,76.6,85.3,91,86.4,89.7,93.3,94.3
drink(action),Action Words,25.6,19.7,21.3,46.6,47.9,52.8,68.1,74.1,72.9,78.7,80.8,80.2,87.9,88.3,94.3
chicken(food),Food and Drink,16.7,13.6,20,37,43.6,48.6,54.2,60,64.5,74.7,74.4,88.9,86.2,91.7,94.3
french fries,Food and Drink,12.8,16.7,18.8,42.5,42.6,59.7,55.6,71.8,64.5,70.7,82.1,90.1,79.3,96.7,94.3
sandwich,Food and Drink,12.8,6.1,7.5,26,21.3,31.9,40.3,52.9,53.3,64,61.5,75.3,86.2,88.3,94.3
broom,Small Household Items,11.5,16.7,16.3,35.6,36.2,51.4,44.4,62.4,62.6,68,70.5,80.2,82.8,76.7,94.3
rain,Outside Things,15.4,13.6,23.8,43.8,54.3,48.6,65.3,76.5,61.7,81.3,75.6,93.8,87.9,88.3,94.3
swing (item),Outside Things,23.1,21.2,30,43.8,50,58.3,62.5,80,67.3,86.7,76.9,87.7,86.2,88.3,94.3
home,Places to Go,24.4,28.8,32.5,41.1,47.9,51.4,59.7,77.6,72.9,82.7,83.3,86.4,89.7,88.3,94.3
bus,Vehicles (Real or Toy),23.1,18.2,26.3,47.9,48.9,50,70.8,80,69.2,76,78.2,91.4,86.2,88.3,94.3
candy,Food and Drink,21.8,13.6,23.8,38.4,40.4,43.1,58.3,70.6,63.6,80,79.5,87.7,86.2,88.3,94.3
read,Action Words,15.4,18.2,16.3,26,39.4,44.4,52.8,71.8,64.5,73.3,76.9,82.7,82.8,86.7,94.3
sleep,Action Words,11.5,7.6,13.8,28.8,33,38.9,52.8,72.9,61.7,81.3,74.4,86.4,84.5,88.3,94.3
pop corn,Food and Drink,14.1,13.6,21.3,26,27.7,44.4,47.2,54.1,57,64,73.1,79,79.3,93.3,94.3
towel,Small Household Items,12.8,9.1,23.8,31.5,35.1,41.7,56.9,67.1,66.4,76,70.5,75.3,84.5,80,94.3
boy,People,15.4,18.2,27.5,38.4,51.1,50,51.4,67.1,70.1,66.7,80.8,86.4,77.6,83.3,94.3
go potty,Games and Routines,15.4,16.7,18.8,28.8,34,44.4,54.2,65.9,68.2,73.3,74.4,82.7,84.5,86.7,94.3
teddy bear,Animals (Real or Toy),23.1,21.2,25,37,41.5,52.8,52.8,71.8,58.9,72,69.2,74.1,82.8,91.7,94.3
toast,Food and Drink,23.1,22.7,26.3,41.1,45.7,50,52.8,71.8,59.8,70.7,75.6,90.1,86.2,83.3,94.3
finger,Body Parts,15.4,13.6,22.5,42.5,39.4,51.4,52.8,76.5,72,78.7,83.3,85.2,84.5,88.3,94.3
picture,Small Household Items,12.8,6.1,17.5,34.2,25.5,37.5,41.7,54.1,54.2,68,66.7,77.8,77.6,83.3,94.3
grass,Outside Things,10.3,9.1,16.3,27.4,35.1,45.8,50,64.7,59.8,72,73.1,76.5,82.8,80,94.3
street,Outside Things,7.7,1.5,8.8,19.2,19.1,27.8,34.7,49.4,48.6,60,61.5,67.9,67.2,81.7,94.3
uh oh,Sound Effects and Animal Sounds,85.9,80.3,80,90.4,88.3,93.1,91.7,95.3,93.5,94.7,93.6,95.1,94.8,95,94.3
stroller,Vehicles (Real or Toy),15.4,6.1,15,27.4,33,37.5,37.5,55.3,61.7,65.3,59,67.9,70.7,68.3,94.3
block,Toys,21.8,27.3,33.7,45.2,53.2,54.2,65.3,71.8,64.5,73.3,74.4,91.4,79.3,80,94.3
pen,Toys,16.7,12.1,21.3,35.6,35.1,50,56.9,69.4,55.1,68,70.5,79,79.3,85,94.3
cereal,Food and Drink,16.7,16.7,21.3,41.1,40.4,48.6,51.4,74.1,68.2,80,79.5,80.2,86.2,91.7,94.3
ice,Food and Drink,23.1,13.6,27.5,41.1,40.4,47.2,54.2,70.6,63.6,77.3,70.5,80.2,77.6,88.3,94.3
stop,Action Words,12.8,13.6,16.3,28.8,34,45.8,47.2,60,61.7,77.3,70.5,74.1,74.1,86.7,94.3
hat,Clothing,32.1,40.9,53.7,69.9,69.1,72.2,80.6,90.6,77.6,93.3,89.7,91.4,93.1,93.3,94.3
bedroom,Furniture and Rooms,9,3,8.8,17.8,14.9,27.8,33.3,45.9,41.1,52,56.4,67.9,74.1,71.7,94.3
rock,Outside Things,24.4,30.3,32.5,45.2,47.9,55.6,68.1,83.5,66.4,72,75.6,90.1,87.9,88.3,94.3
house,Places to Go,11.5,16.7,21.3,34.2,39.4,44.4,54.2,71.8,69.2,74.7,74.4,85.2,75.9,88.3,94.3
bunny,Animals (Real or Toy),30.8,30.3,40,53.4,68.1,69.4,65.3,90.6,77.6,88,82.1,86.4,89.7,95,92.9
pig,Animals (Real or Toy),25.6,24.2,28.8,50.7,60.6,58.3,58.3,78.8,78.5,85.3,79.5,85.2,87.9,93.3,92.9
bite,Action Words,26.9,24.2,26.3,54.8,41.5,55.6,65.3,74.1,69.2,84,78.2,85.2,77.6,85,92.9
bread,Food and Drink,15.4,10.6,25,39.7,47.9,51.4,59.7,68.2,70.1,80,78.2,88.9,86.2,93.3,92.9
hit,Action Words,9,1.5,5,19.2,17,34.7,48.6,60,52.3,62.7,66.7,76.5,81,75,92.9
jump,Action Words,9,10.6,12.5,31.5,35.1,43.1,48.6,65.9,58.9,70.7,73.1,76.5,77.6,83.3,92.9
swing(action),Action Words,17.9,13.6,20,38.4,35.1,48.6,56.9,74.1,64.5,73.3,75.6,77.8,79.3,81.7,92.9
face,Body Parts,12.8,6.1,13.8,39.7,26.6,45.8,44.4,61.2,57,54.7,75.6,79,81,83.3,92.9
tongue,Body Parts,14.1,13.6,23.8,30.1,33,37.5,50,58.8,52.3,64,69.2,80.2,74.1,78.3,92.9
yucky,Descriptive Words,26.9,27.3,40,39.7,46.8,61.1,55.6,65.9,63.6,66.7,69.2,79,79.3,85,92.9
girl,People,14.1,19.7,18.8,32.9,39.4,43.1,51.4,57.6,55.1,60,71.8,79,63.8,76.7,92.9
bug,Animals (Real or Toy),16.7,19.7,40,53.4,52.1,55.6,61.1,77.6,73.8,78.7,84.6,87.7,87.9,88.3,92.9
peanut butter,Food and Drink,10.3,7.6,15,24.7,20.2,37.5,44.4,51.8,54.2,69.3,64.1,82.7,81,81.7,92.9
owie,Body Parts,39.7,50,50,69.9,74.5,76.4,77.8,94.1,82.2,89.3,91,96.3,96.6,88.3,92.9
napkin,Small Household Items,9,4.5,12.5,16.4,25.5,33.3,47.2,60,57.9,68,69.2,77.8,79.3,75,92.9
you,Pronouns,11.5,12.1,17.5,20.5,25.5,30.6,44.4,50.6,51.4,76,61.5,79,79.3,73.3,92.9
sun,Outside Things,12.8,10.6,15,32.9,33,47.2,48.6,57.6,58.9,74.7,70.5,84,79.3,85,92.9
ouch,Sound Effects and Animal Sounds,56.4,50,56.2,67.1,64.9,81.9,80.6,89.4,84.1,86.7,85.9,87.7,91.4,90,92.9
cat,Animals (Real or Toy),46.2,48.5,51.2,67.1,74.5,84.7,81.9,88.2,81.3,84,96.2,90.1,91.4,96.7,92.9
nap,Games and Routines,14.1,9.1,18.8,32.9,37.2,54.2,54.2,62.4,66.4,81.3,79.5,84,89.7,83.3,92.9
peekaboo,Games and Routines,46.2,56.1,43.7,54.8,60.6,70.8,66.7,88.2,76.6,92,84.6,87.7,84.5,90,92.9
break,Action Words,9,3,6.2,24.7,24.5,33.3,43.1,64.7,47.7,62.7,73.1,72.8,72.4,81.7,92.9
run,Action Words,11.5,10.6,13.8,19.2,33,38.9,45.8,64.7,56.1,68,71.8,75.3,79.3,81.7,92.9
raisin,Food and Drink,14.1,15.2,25,35.6,40.4,47.2,54.2,58.8,60.7,72,74.4,86.4,82.8,90,92.9
grandpa,People,42.3,47,56.2,60.3,71.3,62.5,73.6,84.7,80.4,85.3,85.9,91.4,84.5,91.7,92.9
blow,Action Words,10.3,4.5,10,31.5,26.6,34.7,44.4,52.9,54.2,64,70.5,72.8,74.1,70,92.9
hold,Action Words,12.8,3,7.5,21.9,14.9,22.2,43.1,51.8,42.1,53.3,71.8,67.9,70.7,73.3,92.9
sit,Action Words,16.7,18.2,26.3,52.1,51.1,51.4,61.1,77.6,68.2,81.3,76.9,81.5,86.2,85,92.9
clean (desc),Descriptive Words,9,9.1,7.5,26,31.9,41.7,44.4,55.3,57,65.3,74.4,77.8,79.3,80,92.9
good,Descriptive Words,14.1,18.2,16.3,27.4,36.2,40.3,55.6,51.8,58.9,68,76.9,76.5,72.4,86.7,92.9
heavy,Descriptive Words,9,3,6.2,19.2,23.4,30.6,43.1,56.5,46.7,62.7,62.8,71.6,72.4,78.3,92.9
brush,Small Household Items,16.7,19.7,31.3,37,47.9,47.2,56.9,76.5,68.2,78.7,70.5,81.5,84.5,80,92.9
store,Places to Go,11.5,6.1,16.3,28.8,37.2,45.8,52.8,69.4,62.6,70.7,82.1,81.5,86.2,83.3,92.9
doctor,People,12.8,4.5,11.3,27.4,30.9,36.1,41.7,51.8,53.3,58.7,66.7,75.3,72.4,78.3,91.4
present,Toys,10.3,4.5,7.5,16.4,20.2,22.2,43.1,50.6,53.3,62.7,59,71.6,72.4,80,91.4
hungry,Descriptive Words,14.1,3,13.8,21.9,25.5,33.3,37.5,52.9,44.9,60,66.7,75.3,69,80,91.4
watch (item),Small Household Items,15.4,10.6,25,39.7,34,40.3,52.8,64.7,57,70.7,66.7,76.5,79.3,85,91.4
chicken(anml),Animals (Real or Toy),14.1,13.6,21.3,31.5,39.4,48.6,54.2,65.9,61.7,64,73.1,84,84.5,88.3,91.4
dinner,Games and Routines,14.1,6.1,12.5,20.5,28.7,41.7,51.4,56.5,56.1,66.7,69.2,76.5,74.1,78.3,91.4
monkey,Animals (Real or Toy),17.9,21.2,22.5,46.6,46.8,51.4,56.9,75.3,68.2,81.3,83.3,81.5,93.1,86.7,91.4
soup,Food and Drink,14.1,7.6,12.5,20.5,37.2,41.7,48.6,65.9,58.9,58.7,67.9,75.3,69,78.3,91.4
little,Descriptive Words,6.4,4.5,5,13.7,18.1,19.4,45.8,45.9,45.8,57.3,65.4,71.6,60.3,73.3,91.4
medicine,Small Household Items,11.5,6.1,10,28.8,26.6,33.3,44.4,61.2,57,65.3,70.5,75.3,84.5,78.3,91.4
tape,Small Household Items,9,4.5,11.3,17.8,17,29.2,33.3,48.2,41.1,57.3,59,69.1,58.6,70,91.4
what,Question Words,20.5,12.1,21.3,30.1,27.7,31.9,50,58.8,51.4,56,70.5,79,69,75,91.4
clap,Action Words,7.7,10.6,15,30.1,31.9,31.9,48.6,54.1,57.9,62.7,62.8,72.8,69,75,91.4
dance,Action Words,11.5,10.6,16.3,30.1,26.6,34.7,52.8,55.3,57.9,64,65.4,72.8,77.6,75,91.4
pencil,Toys,12.8,3,10,31.5,24.5,40.3,43.1,48.2,47.7,64,65.4,72.8,72.4,78.3,91.4
help,Action Words,14.1,6.1,13.8,37,28.7,34.7,50,63.5,57.9,77.3,73.1,86.4,86.2,88.3,91.4
potato chip,Food and Drink,15.4,12.1,15,31.5,30.9,43.1,45.8,57.6,58.9,68,70.5,80.2,74.1,81.7,91.4
box,Small Household Items,20.5,19.7,23.8,43.8,43.6,48.6,58.3,64.7,57,73.3,73.1,87.7,77.6,83.3,91.4
comb,Small Household Items,15.4,10.6,16.3,32.9,40.4,37.5,48.6,60,49.5,66.7,75.6,67.9,74.1,81.7,91.4
lunch,Games and Routines,14.1,7.6,10,26,33,40.3,33.3,56.5,57,69.3,67.9,76.5,82.8,81.7,91.4
butter,Food and Drink,11.5,6.1,13.8,21.9,26.6,47.2,51.4,65.9,57,65.3,67.9,86.4,79.3,86.7,91.4
like,Action Words,10.3,0,5,16.4,9.6,16.7,23.6,41.2,38.3,53.3,55.1,69.1,69,76.7,91.4
coat,Clothing,11.5,16.7,21.3,42.5,45.7,52.8,63.9,82.4,60.7,65.3,64.1,80.2,77.6,73.3,91.4
mine,Pronouns,29.5,43.9,38.7,54.8,68.1,75,72.2,82.4,87.9,90.7,87.2,90.1,94.8,90,91.4
refrigerator,Furniture and Rooms,10.3,3,8.8,20.5,19.1,22.2,34.7,40,42.1,56,67.9,70.4,67.2,85,91.4
quack..,Sound Effects and Animal Sounds,50,48.5,57.5,58.9,66,68.1,76.4,89.4,86,88,88.5,86.4,87.9,81.7,90
breakfast,Games and Routines,16.7,10.6,15,27.4,34,41.7,44.4,61.2,51.4,68,70.5,75.3,81,81.7,90
hamburger,Food and Drink,9,9.1,13.8,34.2,26.6,36.1,45.8,65.9,57.9,65.3,74.4,86.4,86.2,88.3,90
ride,Action Words,7.7,12.1,8.8,32.9,27.7,41.7,54.2,67.1,58.9,69.3,79.5,80.2,79.3,78.3,90
shower,Furniture and Rooms,12.8,7.6,11.3,38.4,35.1,41.7,50,61.2,58.9,68,75.6,79,75.9,83.3,90
school,Places to Go,9,6.1,8.8,20.5,35.1,29.2,45.8,57.6,53.3,62.7,65.4,72.8,81,83.3,90
frog,Animals (Real or Toy),14.1,12.1,25,42.5,44.7,47.2,55.6,64.7,63.6,76,75.6,75.3,84.5,81.7,90
noodles,Food and Drink,19.2,10.6,12.5,30.1,40.4,43.1,50,54.1,57.9,56,60.3,75.3,70.7,71.7,90
tickle,Action Words,11.5,16.7,27.5,26,33,40.3,51.4,67.1,64.5,65.3,64.1,74.1,74.1,78.3,90
room,Furniture and Rooms,10.3,6.1,8.8,20.5,22.3,31.9,36.1,51.8,46.7,62.7,67.9,72.8,72.4,76.7,90
slide,Outside Things,9,13.6,12.5,42.5,38.3,48.6,54.2,64.7,61.7,73.3,71.8,75.3,79.3,80,90
doll,Toys,24.4,30.3,36.2,47.9,53.2,55.6,63.9,71.8,74.8,76,74.4,76.5,87.9,85,90
pancake,Food and Drink,11.5,6.1,12.5,30.1,26.6,33.3,37.5,55.3,50.5,65.3,62.8,77.8,69,75,90
throw,Action Words,9,6.1,13.8,17.8,20.2,33.3,45.8,56.5,48.6,62.7,67.9,77.8,77.6,78.3,90
pajamas,Clothing,10.3,7.6,21.3,34.2,40.4,44.4,45.8,70.6,61.7,76,71.8,77.8,89.7,88.3,90
bee,Animals (Real or Toy),24.4,30.3,36.2,49.3,55.3,47.2,61.1,80,72.9,74.7,78.2,88.9,86.2,83.3,90
turtle,Animals (Real or Toy),17.9,13.6,18.8,39.7,40.4,38.9,44.4,62.4,58.9,70.7,65.4,70.4,74.1,83.3,90
drive,Action Words,10.3,3,8.8,20.5,18.1,27.8,40.3,61.2,54.2,60,65.4,77.8,74.1,80,90
puzzle,Toys,11.5,3,15,21.9,21.3,25,45.8,43.5,52.3,65.3,65.4,77.8,75.9,78.3,90
kick,Action Words,11.5,4.5,10,26,20.2,36.1,40.3,51.8,48.6,52,61.5,74.1,69,73.3,90
corn,Food and Drink,10.3,6.1,16.3,26,35.1,45.8,48.6,60,57,61.3,69.2,81.5,79.3,83.3,90
plate,Small Household Items,11.5,4.5,13.8,19.2,24.5,36.1,41.7,60,57.9,64,59,72.8,65.5,73.3,90
tissue,Small Household Items,10.3,6.1,11.3,21.9,25.5,40.3,37.5,45.9,50.5,57.3,66.7,65.4,67.2,71.7,90
man,People,14.1,9.1,13.8,30.1,40.4,40.3,52.8,61.2,58.9,61.3,66.7,80.2,77.6,71.7,88.6
carrots,Food and Drink,11.5,10.6,18.8,24.7,29.8,41.7,43.1,51.8,54.2,60,71.8,74.1,75.9,81.7,88.6
jelly,Food and Drink,6.4,4.5,7.5,19.2,20.2,22.2,33.3,40,42.1,56,46.2,66.7,65.5,70,88.6
see,Action Words,17.9,18.2,26.3,42.5,44.7,56.9,50,71.8,63.6,84,78.2,75.3,81,90,88.6
work (action),Action Words,9,4.5,13.8,21.9,35.1,31.9,41.7,63.5,51.4,66.7,75.6,84,69,78.3,88.6
orange (desc),Descriptive Words,7.7,6.1,7.5,27.4,28.7,33.3,40.3,54.1,49.5,54.7,66.7,74.1,62.1,76.7,88.6
scissors,Small Household Items,11.5,1.5,5,19.2,13.8,27.8,30.6,43.5,39.3,54.7,62.8,66.7,79.3,71.7,88.6
closet,Furniture and Rooms,7.7,1.5,7.5,11,14.9,16.7,30.6,31.8,36.4,42.7,52.6,63,65.5,70,88.6
stick,Outside Things,12.8,7.6,15,24.7,24.5,31.9,41.7,52.9,46.7,52,66.7,76.5,77.6,71.7,88.6
beach,Places to Go,11.5,9.1,12.5,27.4,37.2,29.2,38.9,51.8,45.8,64,56.4,72.8,51.7,75,88.6
swim,Action Words,9,10.6,15,21.9,23.4,27.8,45.8,62.4,55.1,62.7,64.1,72.8,67.2,81.7,88.6
asleep,Descriptive Words,11.5,4.5,8.8,21.9,28.7,27.8,44.4,47.1,47.7,57.3,62.8,56.8,70.7,78.3,88.6
camera,Small Household Items,11.5,1.5,7.5,15.1,18.1,26.4,34.7,40,43.9,52,56.4,71.6,65.5,73.3,88.6
coffee,Food and Drink,12.8,10.6,15,30.1,27.7,37.5,50,63.5,52.3,68,60.3,76.5,81,78.3,88.6
bib,Clothing,15.4,21.2,28.8,41.1,46.8,51.4,58.3,70.6,61.7,76,70.5,71.6,82.8,70,88.6
dry (desc),Descriptive Words,10.3,6.1,5,6.8,16,23.6,30.6,47.1,39.3,54.7,56.4,63,56.9,70,88.6
I,Pronouns,11.5,12.1,22.5,24.7,29.8,43.1,51.4,55.3,47.7,65.3,61.5,66.7,67.2,76.7,88.6
sky,Outside Things,12.8,15.2,15,24.7,38.3,44.4,47.2,55.3,49.5,58.7,61.5,75.3,74.1,70,88.6
shopping,Games and Routines,12.8,4.5,8.8,21.9,19.1,34.7,34.7,48.2,51.4,56,59,67.9,75.9,75,88.6
chocolate,Food and Drink,11.5,3,8.8,12.3,18.1,26.4,38.9,41.2,41.1,49.3,55.1,72.8,70.7,73.3,88.6
spill,Action Words,7.7,1.5,3.7,9.6,13.8,26.4,26.4,36.5,36.4,42.7,60.3,59.3,60.3,73.3,88.6
hurt,Descriptive Words,11.5,6.1,13.8,23.3,27.7,31.9,41.7,49.4,56.1,60,70.5,71.6,74.1,76.7,88.6
clock,Small Household Items,21.8,22.7,31.3,42.5,51.1,48.6,54.2,65.9,56.1,74.7,70.5,82.7,77.6,81.7,88.6
touch,Action Words,7.7,3,8.8,17.8,14.9,20.8,27.8,31.8,35.5,42.7,55.1,60.5,67.2,68.3,87.1
sweater,Clothing,10.3,3,7.5,20.5,21.3,23.6,38.9,44.7,44.9,46.7,62.8,65.4,67.2,71.7,87.1
lips,Body Parts,10.3,6.1,5,17.8,19.1,33.3,34.7,44.7,38.3,60,61.5,67.9,65.5,76.7,87.1
red,Descriptive Words,9,10.6,12.5,15.1,25.5,30.6,45.8,54.1,54.2,60,69.2,69.1,65.5,75,87.1
glasses,Small Household Items,15.4,16.7,22.5,35.6,27.7,47.2,44.4,65.9,58.9,74.7,74.4,76.5,75.9,81.7,87.1
park,Places to Go,10.3,10.6,12.5,27.4,31.9,43.1,47.2,54.1,59.8,66.7,73.1,77.8,65.5,78.3,87.1
clean(action),Action Words,7.7,6.1,6.2,20.5,30.9,29.2,45.8,57.6,53.3,58.7,67.9,77.8,75.9,75,87.1
fix,Action Words,10.3,1.5,11.3,24.7,25.5,26.4,36.1,56.5,52.3,66.7,75.6,70.4,79.3,76.7,87.1
hide,Action Words,7.7,1.5,5,17.8,18.1,29.2,33.3,44.7,35.5,54.7,52.6,63,69,75,87.1
zipper,Clothing,6.4,4.5,18.8,27.4,29.8,37.5,37.5,54.1,49.5,64,69.2,72.8,74.1,73.3,87.1
happy,Descriptive Words,15.4,13.6,20,27.4,38.3,36.1,41.7,64.7,54.2,61.3,61.5,76.5,75.9,68.3,87.1
stairs,Furniture and Rooms,11.5,10.6,21.3,38.4,31.9,43.1,61.1,63.5,57,69.3,70.5,76.5,84.5,88.3,87.1
call on phone,Games and Routines,20.5,16.7,17.5,26,29.8,50,47.2,65.9,58.9,69.3,75.6,67.9,70.7,76.7,87.1
fish (food),Food and Drink,20.5,19.7,22.5,45.2,48.9,52.8,58.3,63.5,63.6,80,78.2,82.7,84.5,83.3,87.1
that,Pronouns,23.1,15.2,22.5,31.5,27.7,34.7,56.9,55.3,49.5,62.7,69.2,76.5,70.7,73.3,87.1
moon,Outside Things,26.9,21.2,36.2,42.5,48.9,56.9,66.7,65.9,74.8,80,78.2,85.2,81,88.3,87.1
mouse,Animals (Real or Toy),16.7,15.2,26.3,38.4,37.2,56.9,55.6,72.9,61.7,66.7,74.4,77.8,82.8,85,87.1
bad,Descriptive Words,19.2,9.1,16.3,28.8,34,41.7,41.7,55.3,58.9,69.3,69.2,64.2,69,71.7,87.1
chin,Body Parts,12.8,7.6,15,32.9,34,43.1,52.8,62.4,51.4,64,71.8,79,74.1,83.3,87.1
couch,Furniture and Rooms,10.3,3,10,20.5,23.4,34.7,40.3,55.3,39.3,62.7,57.7,70.4,77.6,66.7,87.1
too,Quantifiers and Articles,6.4,3,7.5,11,21.3,19.4,41.7,45.9,46.7,54.7,65.4,67.9,63.8,63.3,87.1
baa baa,Sound Effects and Animal Sounds,56.4,68.2,60,60.3,74.5,72.2,77.8,78.8,73.8,78.7,82.1,85.2,74.1,80,87.1
find,Action Words,9,1.5,3.7,16.4,14.9,22.2,36.1,49.4,38.3,54.7,59,66.7,67.2,63.3,85.7
get,Action Words,14.1,7.6,17.5,26,24.5,36.1,50,58.8,50.5,62.7,76.9,77.8,77.6,80,85.7
sing,Action Words,9,7.6,10,16.4,27.7,30.6,40.3,49.4,49.5,66.7,66.7,77.8,63.8,76.7,85.7
knife,Small Household Items,6.4,1.5,10,15.1,17,29.2,44.4,52.9,44.9,60,65.4,76.5,79.3,75,85.7
woof..,Sound Effects and Animal Sounds,66.7,65.2,75,72.6,67,72.2,81.9,81.2,88.8,85.3,85.9,90.1,91.4,93.3,85.7
gum,Food and Drink,9,6.1,12.5,27.4,18.1,26.4,40.3,48.2,45.8,52,53.8,74.1,65.5,81.7,85.7
sick,Descriptive Words,5.1,0,2.5,11,12.8,15.3,20.8,34.1,32.7,45.3,56.4,70.4,58.6,70,85.7
tired,Descriptive Words,7.7,0,10,16.4,17,20.8,36.1,48.2,41.1,54.7,59,59.3,62.1,71.7,85.7
now,Words about Time,7.7,7.6,10,15.1,20.2,26.4,38.9,51.8,41.1,64,65.4,72.8,75.9,73.3,85.7
radio,Small Household Items,9,3,8.8,23.3,19.1,29.2,36.1,42.4,37.4,48,56.4,65.4,65.5,73.3,85.7
pool,Outside Things,19.2,19.7,27.5,34.2,52.1,45.8,59.7,63.5,69.2,72,76.9,87.7,81,80,85.7
pet's name,People,32.1,33.3,45,47.9,57.4,61.1,54.2,67.1,66.4,74.7,71.8,70.4,74.1,75,85.7
lion,Animals (Real or Toy),12.8,12.1,16.3,27.4,35.1,40.3,47.2,62.4,58.9,64,67.9,81.5,81,80,85.7
talk,Action Words,6.4,4.5,7.5,11,13.8,13.9,27.8,37.6,39.3,42.7,55.1,69.1,58.6,76.7,85.7
jacket,Clothing,11.5,12.1,18.8,35.6,33,44.4,44.4,55.3,62.6,72,65.4,72.8,75.9,83.3,85.7
purse,Small Household Items,17.9,10.6,15,28.8,22.3,36.1,41.7,56.5,51.4,54.7,56.4,72.8,65.5,71.7,85.7
vacuum,Small Household Items,11.5,10.6,11.3,30.1,27.7,41.7,44.4,47.1,51.4,56,67.9,76.5,75.9,78.3,85.7
crib,Furniture and Rooms,11.5,7.6,12.5,23.3,29.8,38.9,47.2,47.1,50.5,65.3,67.9,70.4,79.3,75,85.7
butterfly,Animals (Real or Toy),14.1,9.1,13.8,26,33,40.3,43.1,57.6,57.9,72,67.9,77.8,84.5,81.7,85.7
applesauce,Food and Drink,11.5,4.5,11.3,12.3,22.3,33.3,43.1,55.3,53.3,49.3,55.1,64.2,70.7,71.7,85.7
blue,Descriptive Words,9,10.6,17.5,24.7,29.8,34.7,50,56.5,57,70.7,66.7,71.6,67.2,73.3,85.7
sink,Furniture and Rooms,7.7,1.5,8.8,13.7,18.1,23.6,36.1,50.6,43,56,66.7,67.9,72.4,75,85.7
have,Action Words,9,3,6.2,11,13.8,16.7,22.2,40,37.4,46.7,61.5,70.4,63.8,76.7,84.3
awake,Descriptive Words,6.4,1.5,2.5,9.6,9.6,15.3,29.2,36.5,34.6,49.3,56.4,59.3,58.6,65,84.3
cheek,Body Parts,12.8,9.1,21.3,30.1,36.2,45.8,52.8,61.2,55.1,69.3,67.9,84,74.1,78.3,84.3
plant,Small Household Items,5.1,3,15,16.4,23.4,37.5,36.1,44.7,35.5,56,55.1,64.2,60.3,63.3,84.3
do,Helping Verbs,11.5,10.6,17.5,27.4,35.1,40.3,48.6,63.5,49.5,57.3,67.9,82.7,62.1,70,84.3
shovel,Outside Things,7.7,6.1,12.5,26,21.3,34.7,34.7,61.2,43,60,61.5,74.1,74.1,70,84.3
carry,Action Words,7.7,3,3.7,17.8,11.7,27.8,36.1,50.6,46.7,58.7,61.5,66.7,63.8,75,84.3
food,Food and Drink,14.1,10.6,16.3,32.9,35.1,41.7,41.7,56.5,49.5,56,61.5,76.5,67.2,78.3,84.3
paint,Action Words,5.1,1.5,7.5,8.2,12.8,19.4,25,36.5,35.5,41.3,53.8,63,62.1,66.7,84.3
yogurt,Food and Drink,12.8,12.1,21.3,30.1,36.2,37.5,45.8,56.5,50.5,56,62.8,71.6,67.2,66.7,84.3
dress,Clothing,9,6.1,8.8,19.2,25.5,29.2,38.9,54.1,56.1,60,57.7,61.7,65.5,68.3,84.3
shorts,Clothing,7.7,3,12.5,23.3,23.4,31.9,43.1,58.8,50.5,65.3,71.8,76.5,82.8,75,84.3
lemme,Helping Verbs,10.3,1.5,6.2,13.7,13.8,13.9,26.4,43.5,30.8,49.3,57.7,61.7,69,65,84.3
star,Outside Things,15.4,16.7,23.8,21.9,38.3,45.8,45.8,49.4,54.2,70.7,65.4,77.8,72.4,73.3,84.3
helicopter,Vehicles (Real or Toy),9,7.6,8.8,23.3,25.5,33.3,45.8,49.4,48.6,64,71.8,86.4,72.4,65,84.3
cook,Action Words,7.7,4.5,10,17.8,29.8,27.8,27.8,50.6,48.6,60,65.4,72.8,63.8,71.7,84.3
story,Toys,11.5,6.1,18.8,24.7,21.3,33.3,38.9,52.9,51.4,53.3,64.1,71.6,74.1,80,84.3
cheerios,Food and Drink,20.5,27.3,37.5,34.2,45.7,59.7,58.3,67.1,58.9,66.7,61.5,81.5,84.5,80,84.3
splash,Action Words,7.7,6.1,7.5,15.1,20.2,31.9,31.9,44.7,46.7,45.3,59,64.2,58.6,70,84.3
firetruck,Vehicles (Real or Toy),12.8,3,13.8,20.5,26.6,33.3,41.7,48.2,48.6,62.7,55.1,72.8,65.5,70,84.3
cut,Action Words,3.8,0,2.5,11,10.6,15.3,29.2,43.5,35.5,48,53.8,66.7,58.6,66.7,84.3
strawberry,Food and Drink,15.4,9.1,16.3,17.8,25.5,37.5,41.7,55.3,46.7,61.3,67.9,70.4,72.4,85,84.3
watch(action),Action Words,5.1,4.5,5,16.4,20.2,25,34.7,44.7,44.9,50.7,60.3,65.4,65.5,73.3,84.3
hammer,Small Household Items,7.7,9.1,8.8,24.7,23.4,36.1,37.5,56.5,42.1,52,57.7,67.9,65.5,66.7,84.3
sheep,Animals (Real or Toy),12.8,9.1,18.8,30.1,39.4,40.3,41.7,54.1,52.3,61.3,71.8,72.8,69,68.3,82.9
draw,Action Words,6.4,1.5,8.8,15.1,12.8,30.6,31.9,40,39.3,52,53.8,54.3,53.4,60,82.9
dry (action),Action Words,5.1,3,6.2,9.6,12.8,20.8,22.2,41.2,36.4,52,48.7,61.7,60.3,71.7,82.9
beans,Food and Drink,10.3,10.6,20,30.1,33,48.6,47.2,57.6,54.2,57.3,66.7,67.9,65.5,61.7,82.9
meat,Food and Drink,7.7,4.5,8.8,28.8,36.2,31.9,40.3,44.7,51.4,52,69.2,72.8,70.7,68.3,82.9
glass,Small Household Items,7.7,4.5,10,24.7,22.3,34.7,34.7,54.1,49.5,60,66.7,69.1,72.4,78.3,82.9
some,Quantifiers and Articles,14.1,3,8.8,16.4,16,22.2,33.3,45.9,43,46.7,65.4,64.2,56.9,73.3,82.9
animal,Animals (Real or Toy),12.8,7.6,15,24.7,27.7,40.3,43.1,55.3,53.3,57.3,65.4,74.1,67.2,73.3,82.9
snack,Games and Routines,10.3,4.5,8.8,16.4,24.5,25,22.2,52.9,41.1,49.3,57.7,63,65.5,65,82.9
drop,Action Words,9,3,6.2,17.8,17,19.4,33.3,44.7,41.1,44,59,61.7,63.8,71.7,82.9
muffin,Food and Drink,10.3,9.1,7.5,16.4,25.5,27.8,41.7,42.4,41.1,54.7,53.8,65.4,62.1,61.7,82.9
soda pop,Food and Drink,15.4,13.6,22.5,28.8,36.2,41.7,50,68.2,53.3,61.3,62.8,74.1,79.3,80,82.9
wake,Action Words,5.1,1.5,2.5,8.2,7.4,11.1,26.4,23.5,30.8,42.7,48.7,53.1,55.2,66.7,82.9
wipe,Action Words,11.5,3,10,15.1,22.3,27.8,31.9,42.4,43,49.3,46.2,60.5,69,70,82.9
green,Descriptive Words,7.7,7.6,5,13.7,22.3,23.6,36.1,47.1,47.7,50.7,55.1,64.2,60.3,70,82.9
high,Descriptive Words,3.8,0,6.2,5.5,13.8,18.1,25,32.9,33.6,42.7,46.2,61.7,50,63.3,82.9
pretty,Descriptive Words,21.8,21.2,22.5,43.8,36.2,48.6,56.9,60,61.7,64,61.5,75.3,75.9,73.3,82.9
scared,Descriptive Words,7.7,1.5,2.5,8.2,5.3,13.9,22.2,32.9,34.6,44,52.6,63,56.9,60,82.9
garbage,Small Household Items,9,6.1,13.8,26,29.8,37.5,37.5,54.1,44.9,50.7,56.4,66.7,74.1,63.3,82.9
all,Quantifiers and Articles,9,7.6,11.3,11,12.8,19.4,34.7,38.8,40.2,42.7,52.6,66.7,62.1,63.3,82.9
clown,People,10.3,7.6,13.8,27.4,28.7,27.8,30.6,51.8,46.7,56,60.3,70.4,70.7,66.7,82.9
bump,Action Words,10.3,6.1,13.8,26,27.7,25,43.1,45.9,46.7,50.7,59,60.5,65.5,68.3,82.9
wait,Action Words,5.1,4.5,6.2,15.1,8.5,13.9,31.9,32.9,27.1,30.7,51.3,61.7,58.6,66.7,82.9
belt,Clothing,6.4,6.1,17.5,26,29.8,36.1,43.1,57.6,48.6,48,55.1,67.9,63.8,65,82.9
catch,Action Words,6.4,1.5,7.5,13.7,12.8,22.2,25,45.9,50.5,52,61.5,66.7,69,78.3,81.4
climb,Action Words,5.1,4.5,5,16.4,20.2,22.2,33.3,42.4,40.2,50.7,55.1,67.9,63.8,68.3,81.4
stay,Action Words,5.1,3,3.7,12.3,10.6,16.7,30.6,38.8,36.4,42.7,51.3,60.5,65.5,65,81.4
slipper,Clothing,12.8,4.5,12.5,24.7,24.5,31.9,36.1,50.6,52.3,54.7,57.7,63,72.4,71.7,81.4
fast,Descriptive Words,6.4,3,7.5,9.6,11.7,19.4,27.8,32.9,33.6,48,56.4,64.2,60.3,63.3,81.4
dish,Small Household Items,7.7,4.5,17.5,21.9,26.6,33.3,38.9,44.7,37.4,54.7,48.7,64.2,58.6,66.7,81.4
drawer,Furniture and Rooms,6.4,3,5,6.8,5.3,23.6,22.2,31.8,36.4,34.7,51.3,58,46.6,60,81.4
tiger,Animals (Real or Toy),10.3,15.2,15,21.9,29.8,34.7,40.3,60,52.3,58.7,66.7,77.8,74.1,76.7,81.4
feed,Action Words,7.7,3,3.7,13.7,13.8,18.1,22.2,43.5,30.8,40,56.4,69.1,56.9,70,81.4
boots,Clothing,14.1,9.1,26.3,32.9,36.2,48.6,52.8,69.4,62.6,69.3,69.2,81.5,87.9,80,81.4
yellow,Descriptive Words,9,9.1,11.3,16.4,27.7,23.6,33.3,44.7,46.7,57.3,56.4,71.6,62.1,65,81.4
hose,Outside Things,5.1,3,6.2,15.1,14.9,29.2,30.6,32.9,38.3,49.3,56.4,67.9,56.9,61.7,81.4
friend,People,10.3,0,5,9.6,11.7,13.9,23.6,34.1,29.9,37.3,44.9,55.6,53.4,55,81.4
sweep,Action Words,7.7,4.5,7.5,12.3,13.8,33.3,31.9,44.7,40.2,33.3,46.2,58,55.2,63.3,81.4
night,Words about Time,10.3,9.1,16.3,26,28.7,36.1,45.8,55.3,52.3,62.7,60.3,65.4,69,73.3,81.4
wanna,Helping Verbs,11.5,3,13.8,17.8,18.1,27.8,40.3,50.6,49.5,58.7,67.9,75.3,67.2,70,81.4
close,Action Words,9,4.5,5,16.4,29.8,27.8,38.9,49.4,44.9,58.7,60.3,69.1,72.4,80,81.4
give,Action Words,10.3,3,3.7,13.7,13.8,23.6,26.4,37.6,37.4,45.3,64.1,64.2,69,76.7,81.4
push,Action Words,10.3,7.6,12.5,30.1,26.6,31.9,33.3,47.1,54.2,54.7,64.1,75.3,72.4,80,81.4
nice,Descriptive Words,10.3,12.1,13.8,32.9,42.6,34.7,44.4,48.2,43.9,57.3,64.1,69.1,70.7,75,81.4
morning,Words about Time,7.7,6.1,8.8,13.7,17,22.2,23.6,41.2,32.7,50.7,47.4,51.9,55.2,63.3,81.4
where,Question Words,14.1,3,8.8,16.4,17,19.4,26.4,49.4,45.8,52,61.5,67.9,63.8,66.7,81.4
party,Places to Go,7.7,3,10,9.6,18.1,18.1,30.6,41.2,44.9,48,60.3,63,60.3,71.7,81.4
yum yum,Sound Effects and Animal Sounds,50,60.6,60,68.5,59.6,58.3,65.3,72.9,68.2,72,75.6,64.2,72.4,76.7,80
nuts,Food and Drink,3.8,0,3.7,11,11.7,16.7,18.1,30.6,37.4,40,51.3,60.5,60.3,66.7,80
can (item),Small Household Items,6.4,4.5,8.8,16.4,17,18.1,30.6,38.8,37.4,44,47.4,56.8,43.1,66.7,80
grr,Sound Effects and Animal Sounds,46.2,63.6,45,52.1,58.5,61.1,72.2,75.3,74.8,77.3,83.3,79,86.2,78.3,80
motorcycle,Vehicles (Real or Toy),9,6.1,12.5,17.8,22.3,31.9,43.1,58.8,43.9,58.7,59,76.5,75.9,63.3,80
show,Action Words,3.8,1.5,1.3,8.2,5.3,16.7,18.1,27.1,25.2,33.3,44.9,55.6,50,66.7,80
share,Action Words,5.1,0,6.2,9.6,7.4,20.8,29.2,34.1,27.1,45.3,42.3,64.2,53.4,56.7,80
high chair,Furniture and Rooms,12.8,6.1,13.8,21.9,24.5,38.9,51.4,54.1,53.3,60,56.4,70.4,77.6,65,80
choo choo,Sound Effects and Animal Sounds,29.5,33.3,48.7,50.7,59.6,56.9,70.8,71.8,69.2,84,79.5,86.4,87.9,78.3,80
make,Action Words,7.7,0,2.5,6.8,5.3,20.8,16.7,36.5,33.6,42.7,56.4,65.4,63.8,65,80
pickle,Food and Drink,9,7.6,13.8,24.7,20.2,29.2,36.1,62.4,41.1,56,60.3,63,62.1,75,80
potato,Food and Drink,9,4.5,16.3,19.2,23.4,31.9,43.1,43.5,48.6,56,62.8,70.4,65.5,81.7,80
pumpkin,Food and Drink,5.1,3,10,19.2,16,20.8,26.4,34.1,35.5,34.7,57.7,56.8,62.1,58.3,80
loud,Descriptive Words,7.7,0,1.3,8.2,9.6,19.4,19.4,28.2,26.2,42.7,44.9,56.8,53.4,53.3,80
sad,Descriptive Words,3.8,0,2.5,11,12.8,16.7,22.2,34.1,25.2,44,46.2,50.6,51.7,58.3,80
oven,Furniture and Rooms,9,3,7.5,16.4,11.7,25,29.2,36.5,32.7,41.3,46.2,56.8,48.3,66.7,80
turkey,Animals (Real or Toy),7.7,3,6.2,24.7,17,25,29.2,37.6,45.8,46.7,62.8,59.3,55.2,60,78.6
peas,Food and Drink,14.1,12.1,21.3,31.5,41.5,44.4,48.6,56.5,55.1,57.3,69.2,67.9,63.8,70,78.6
black,Descriptive Words,6.4,4.5,5,11,13.8,13.9,25,36.5,33.6,41.3,47.4,48.1,43.1,60,78.6
careful,Descriptive Words,7.7,1.5,5,17.8,20.2,27.8,25,37.6,41.1,48,60.3,61.7,72.4,65,78.6
dark,Descriptive Words,7.7,3,3.7,6.8,14.9,18.1,27.8,40,43,49.3,52.6,61.7,55.2,63.3,78.6
stove,Furniture and Rooms,6.4,1.5,8.8,12.3,11.7,20.8,22.2,40,31.8,41.3,50,56.8,55.2,63.3,78.6
stand,Action Words,9,3,5,11,14.9,25,26.4,38.8,31.8,41.3,56.4,59.3,58.6,71.7,78.6
sticky,Descriptive Words,5.1,1.5,8.8,9.6,23.4,20.8,27.8,40,32.7,42.7,51.3,58,56.9,53.3,78.6
lady,People,10.3,3,7.5,12.3,30.9,29.2,37.5,41.2,45.8,42.7,55.1,65.4,67.2,58.3,78.6
turn around,Games and Routines,16.7,4.5,7.5,17.8,12.8,23.6,27.8,41.2,40.2,46.7,51.3,63,62.1,73.3,78.6
underpan,Clothing,6.4,3,5,11,10.6,12.5,15.3,31.8,29,41.3,47.4,59.3,53.4,60,78.6
bucket,Small Household Items,3.8,7.6,8.8,19.2,18.1,30.6,34.7,47.1,35.5,46.7,50,60.5,48.3,56.7,78.6
my,Pronouns,12.8,12.1,8.8,28.8,21.3,27.8,40.3,56.5,52.3,66.7,61.5,67.9,67.2,73.3,78.6
hear,Action Words,5.1,0,6.2,9.6,9.6,15.3,19.4,34.1,26.2,32,51.3,51.9,62.1,68.3,78.6
take,Action Words,5.1,1.5,3.7,11,9.6,20.8,23.6,40,32.7,45.3,46.2,55.6,55.2,68.3,78.6
write,Action Words,6.4,3,10,12.3,18.1,20.8,26.4,42.4,37.4,37.3,46.2,63,58.6,73.3,78.6
thirsty,Descriptive Words,6.4,1.5,5,16.4,20.2,19.4,36.1,44.7,38.3,53.3,55.1,66.7,62.1,68.3,78.6
popsicle,Food and Drink,16.7,7.6,20,19.2,26.6,36.1,50,44.7,45.8,60,56.4,75.3,69,71.7,77.1
ant,Animals (Real or Toy),10.3,13.6,25,28.8,35.1,29.2,33.3,56.5,53.3,58.7,62.8,77.8,55.2,70,77.1
mailman,People,7.7,3,5,9.6,10.6,18.1,20.8,27.1,28,37.3,48.7,60.5,46.6,58.3,77.1
knock,Action Words,10.3,12.1,6.2,16.4,10.6,30.6,29.2,37.6,42.1,54.7,48.7,60.5,53.4,63.3,77.1
full,Descriptive Words,6.4,3,2.5,4.1,10.6,13.9,20.8,29.4,30.8,29.3,50,56.8,53.4,61.7,77.1
basket,Small Household Items,7.7,7.6,13.8,23.3,24.5,31.9,40.3,49.4,48.6,53.3,64.1,64.2,65.5,66.7,77.1
it,Pronouns,14.1,4.5,10,19.2,22.3,20.8,38.9,36.5,43,48,50,69.1,55.2,65,77.1
wind,Outside Things,6.4,6.1,8.8,17.8,18.1,25,33.3,49.4,32.7,52,43.6,65.4,63.8,61.7,77.1
gas station,Places to Go,5.1,1.5,5,2.7,10.6,8.3,19.4,28.2,23.4,30.7,39.7,46.9,48.3,63.3,77.1
uncle,People,5.1,7.6,13.8,17.8,24.5,22.2,30.6,44.7,43,52,61.5,59.3,63.8,65,77.1
gonna get you,Games and Routines,16.7,19.7,12.5,27.4,19.1,34.7,31.9,52.9,49.5,54.7,69.2,61.7,70.7,78.3,77.1
vitamins,Food and Drink,11.5,6.1,11.3,13.7,17,19.4,26.4,44.7,43.9,44,52.6,66.7,60.3,61.7,77.1
backyard,Outside Things,7.7,1.5,5,9.6,10.6,16.7,29.2,32.9,36.4,45.3,52.6,60.5,60.3,66.7,77.1
zoo,Places to Go,9,9.1,15,11,27.7,27.8,34.7,48.2,44.9,53.3,56.4,64.2,55.2,66.7,77.1
sitter's name,People,20.5,21.2,21.3,39.7,37.2,41.7,47.2,62.4,57.9,64,61.5,70.4,70.7,56.7,77.1
build,Action Words,5.1,1.5,2.5,6.8,5.3,19.4,20.8,30.6,27.1,41.3,47.4,59.3,56.9,61.7,75.7
yard,Places to Go,2.6,3,6.2,9.6,10.6,22.2,20.8,35.3,33.6,41.3,55.1,56.8,53.4,56.7,75.7
game,Toys,9,3,7.5,15.1,9.6,13.9,27.8,27.1,29.9,46.7,47.4,63,58.6,70,75.7
this,Pronouns,15.4,13.6,20,17.8,25.5,26.4,47.2,45.9,46.7,60,60.3,63,67.2,66.7,75.7
owl,Animals (Real or Toy),15.4,12.1,15,38.4,40.4,37.5,50,49.4,53.3,58.7,60.3,72.8,63.8,66.7,75.7
buy,Action Words,7.7,1.5,5,9.6,9.6,8.3,19.4,30.6,34.6,42.7,47.4,64.2,50,73.3,75.7
better,Descriptive Words,6.4,4.5,7.5,15.1,10.6,20.8,23.6,31.8,33.6,40,59,56.8,55.2,60,75.7
alligator,Animals (Real or Toy),9,7.6,12.5,13.7,19.1,27.8,20.8,43.5,40.2,57.3,60.3,61.7,77.6,75,75.7
necklace,Clothing,5.1,7.6,8.8,21.9,24.5,29.2,26.4,49.4,50.5,53.3,51.3,61.7,60.3,61.7,75.7
dryer,Furniture and Rooms,2.6,3,5,8.2,7.4,16.7,20.8,29.4,24.3,33.3,42.3,54.3,44.8,56.7,75.7
sidewalk,Outside Things,3.8,1.5,2.5,11,10.6,5.6,19.4,24.7,24.3,30.7,37.2,50.6,50,56.7,75.7
people,People,7.7,4.5,8.8,17.8,17,16.7,38.9,31.8,31.8,40,57.7,70.4,53.4,61.7,74.3
giraffe,Animals (Real or Toy),10.3,12.1,8.8,24.7,26.6,20.8,33.3,45.9,45.8,46.7,60.3,64.2,67.2,65,74.3
bat,Toys,11.5,9.1,17.5,23.3,19.1,36.1,34.7,48.2,42.1,50.7,52.6,67.9,63.8,60,74.3
pull,Action Words,5.1,6.1,6.2,19.2,11.7,25,26.4,35.3,37.4,46.7,59,55.6,56.9,71.7,74.3
smile,Action Words,7.7,4.5,2.5,11,10.6,22.2,19.4,31.8,27.1,41.3,41,54.3,55.2,70,74.3
why,Question Words,6.4,4.5,5,13.7,10.6,15.3,29.2,40,28,38.7,47.4,48.1,55.2,58.3,74.3
living room,Furniture and Rooms,6.4,3,5,8.2,8.5,15.3,19.4,36.5,26.2,41.3,52.6,54.3,53.4,60,74.3
snow,Outside Things,12.8,7.6,15,21.9,21.3,27.8,41.7,50.6,45.8,62.7,56.4,72.8,77.6,71.7,74.3
donut,Food and Drink,6.4,6.1,11.3,11,18.1,22.2,34.7,38.8,33.6,49.3,55.1,59.3,63.8,61.7,74.3
washer,Furniture and Rooms,1.3,3,3.7,6.8,7.4,19.4,19.4,25.9,23.4,33.3,38.5,49.4,51.7,51.7,74.3
flag,Outside Things,9,7.6,7.5,16.4,13.8,29.2,25,37.6,29.9,46.7,56.4,50.6,48.3,56.7,74.3
rocking chair,Furniture and Rooms,6.4,7.6,11.3,16.4,26.6,27.8,38.9,36.5,41.1,50.7,50,64.2,63.8,56.7,74.3
don't,Helping Verbs,12.8,6.1,10,15.1,17,30.6,34.7,48.2,43.9,53.3,61.5,66.7,67.2,68.3,74.3
cloud,Outside Things,11.5,4.5,12.5,13.7,25.5,31.9,33.3,47.1,39.3,41.3,47.4,64.2,65.5,58.3,74.3
movie,Places to Go,6.4,0,2.5,2.7,5.3,15.3,20.8,29.4,20.6,28,32.1,48.1,41.4,51.7,74.3
fireman,People,6.4,1.5,2.5,4.1,5.3,11.1,18.1,24.7,23.4,30.7,43.6,54.3,48.3,55,74.3
patty cake,Games and Routines,16.7,19.7,26.3,27.4,29.8,43.1,40.3,57.6,48.6,54.7,61.5,65.4,62.1,70,74.3
penny,Small Household Items,5.1,3,11.3,16.4,18.1,27.8,37.5,49.4,48.6,54.7,57.7,63,55.2,68.3,74.3
hello,Games and Routines,37.2,27.3,36.2,43.8,48.9,51.4,55.6,60,58.9,66.7,69.2,71.6,65.5,75,72.9
lick,Action Words,3.8,1.5,2.5,5.5,3.2,15.3,18.1,32.9,26.2,28,38.5,53.1,53.4,56.7,72.9
new,Descriptive Words,5.1,0,3.7,6.8,8.5,13.9,18.1,31.8,28,38.7,42.3,48.1,55.2,50,72.9
ladder,Outside Things,5.1,1.5,5,9.6,10.6,27.8,22.2,35.3,30.8,41.3,50,65.4,53.4,58.3,72.9
play dough,Toys,6.4,0,7.5,5.5,14.9,18.1,20.8,25.9,26.2,41.3,37.2,59.3,51.7,56.7,72.9
taste,Action Words,5.1,0,6.2,8.2,4.3,13.9,20.8,23.5,23.4,21.3,43.6,48.1,41.4,56.7,72.9
who,Question Words,7.7,3,1.3,9.6,7.4,9.7,13.9,29.4,25.2,30.7,42.3,54.3,48.3,53.3,72.9
and,Connecting Words,7.7,3,2.5,8.2,9.6,9.7,20.8,37.6,31.8,38.7,48.7,58,51.7,60,72.9
mad,Descriptive Words,5.1,1.5,0,5.5,4.3,15.3,16.7,27.1,20.6,40,38.5,49.4,44.8,51.7,72.9
aunt,People,7.7,9.1,18.8,20.5,28.7,30.6,34.7,43.5,50.5,56,61.5,66.7,70.7,70,72.9
shoulder,Body Parts,5.1,0,3.7,11,10.6,22.2,27.8,31.8,36.4,42.7,47.4,51.9,44.8,56.7,72.9
lawn mower,Outside Things,9,4.5,13.8,20.5,24.5,30.6,31.9,50.6,41.1,54.7,59,69.1,56.9,63.3,72.9
hard,Descriptive Words,3.8,1.5,2.5,8.2,10.6,9.7,15.3,21.2,29.9,34.7,42.3,45.7,53.4,53.3,71.4
sleepy,Descriptive Words,5.1,4.5,13.8,12.3,18.1,31.9,31.9,40,43,45.3,55.1,56.8,60.3,58.3,71.4
trash,Small Household Items,9,6.1,11.3,27.4,13.8,30.6,31.9,27.1,41.1,30.7,48.7,50.6,44.8,55,71.4
so big,Games and Routines,19.2,9.1,15,17.8,23.4,41.7,29.2,41.2,43,57.3,55.1,51.9,48.3,65,71.4
zebra,Animals (Real or Toy),9,10.6,8.8,17.8,24.5,19.4,33.3,41.2,38.3,45.3,60.3,61.7,53.4,60,71.4
say,Action Words,6.4,6.1,6.2,6.8,9.6,13.9,23.6,28.2,26.2,40,42.3,53.1,48.3,56.7,71.4
brown,Descriptive Words,2.6,3,5,11,6.4,13.9,20.8,32.9,31.8,36,41,44.4,41.4,46.7,71.4
did,Helping Verbs,5.1,0,3.7,6.8,9.6,8.3,20.8,22.4,23.4,36,42.3,59.3,37.9,46.7,71.4
gonna,Helping Verbs,5.1,3,6.2,11,9.6,12.5,15.3,34.1,22.4,33.3,44.9,54.3,56.9,60,71.4
put,Action Words,7.7,1.5,5,12.3,14.9,15.3,23.6,31.8,29.9,49.3,53.8,56.8,62.1,66.7,71.4
first,Descriptive Words,6.4,1.5,2.5,4.1,3.2,8.3,16.7,27.1,22.4,32,39.7,49.4,51.7,53.3,71.4
tomorrow,Words about Time,3.8,0,1.3,6.8,7.4,6.9,15.3,22.4,21.5,36,38.5,43.2,32.8,43.3,71.4
lamb,Animals (Real or Toy),9,4.5,7.5,17.8,14.9,26.4,30.6,44.7,40.2,48,57.7,56.8,48.3,50,71.4
today,Words about Time,2.6,0,3.7,2.7,3.2,5.6,11.1,24.7,23.4,28,32.1,46.9,31,41.7,71.4
can (action),Helping Verbs,6.4,0,3.7,9.6,8.5,12.5,16.7,31.8,20.6,37.3,42.3,50.6,48.3,65,71.4
penis,Body Parts,16.7,10.6,20,21.9,29.8,38.9,37.5,45.9,39.3,48,53.8,60.5,67.2,61.7,70
stuck,Descriptive Words,7.7,7.6,17.5,20.5,28.7,26.4,31.9,37.6,31.8,44,57.7,61.7,67.2,55,70
bring,Action Words,5.1,3,6.2,9.6,9.6,22.2,20.8,37.6,33.6,49.3,51.3,54.3,56.9,71.7,70
quiet,Descriptive Words,6.4,0,7.5,9.6,13.8,20.8,25,34.1,34.6,41.3,51.3,58,58.6,61.7,70
nail,Small Household Items,2.6,1.5,6.2,16.4,6.4,18.1,19.4,43.5,30.8,44,39.7,63,53.4,63.3,70
deer,Animals (Real or Toy),6.4,7.6,16.3,20.5,19.1,27.8,33.3,32.9,37.4,42.7,48.7,58,46.6,51.7,70
squirrel,Animals (Real or Toy),6.4,4.5,20,27.4,31.9,30.6,40.3,42.4,43.9,49.3,60.3,77.8,70.7,70,70
toes as pigs,Games and Routines,17.9,10.6,12.5,11,18.1,29.2,29.2,44.7,45.8,46.7,47.4,60.5,58.6,65,70
white,Descriptive Words,5.1,4.5,3.7,6.8,10.6,13.9,22.2,29.4,29,29.3,37.2,55.6,36.2,58.3,70
he,Pronouns,7.7,1.5,2.5,4.1,6.4,9.7,20.8,27.1,18.7,28,41,55.6,46.6,56.7,70
snowman,Outside Things,5.1,1.5,1.3,5.5,5.3,11.1,20.8,23.5,25.2,41.3,43.6,56.8,50,60,70
later,Words about Time,6.4,1.5,5,15.1,10.6,15.3,19.4,38.8,30.8,37.3,44.9,50.6,58.6,58.3,68.6
the,Quantifiers and Articles,7.7,4.5,5,9.6,10.6,13.9,22.2,31.8,29.9,28,51.3,51.9,46.6,53.3,68.6
hurry,Action Words,5.1,1.5,8.8,8.2,9.6,20.8,23.6,29.4,30.8,40,51.3,49.4,60.3,63.3,68.6
jello,Food and Drink,6.4,6.1,11.3,15.1,17,22.2,23.6,28.2,28,40,44.9,59.3,50,60,68.6
tuna,Food and Drink,3.8,4.5,8.8,8.2,9.6,22.2,29.2,27.1,23.4,44,39.7,51.9,44.8,53.3,68.6
sandbox,Outside Things,9,3,13.8,17.8,17,19.4,31.9,36.5,35.5,54.7,57.7,61.7,51.7,56.7,68.6
pour,Action Words,5.1,0,1.3,6.8,7.4,18.1,18.1,24.7,21.5,28,41,55.6,50,55,68.6
soft,Descriptive Words,5.1,6.1,7.5,6.8,19.1,26.4,23.6,44.7,33.6,41.3,52.6,55.6,55.2,60,68.6
windy,Descriptive Words,3.8,1.5,7.5,12.3,12.8,13.9,22.2,38.8,29.9,37.3,38.5,58,50,53.3,68.6
lamp,Small Household Items,7.7,1.5,5,11,16,20.8,26.4,36.5,26.2,34.7,39.7,48.1,51.7,53.3,68.6
sister,People,16.7,10.6,8.8,19.2,23.4,29.2,27.8,36.5,36.4,34.7,43.6,37,62.1,51.7,67.1
pudding,Food and Drink,3.8,3,6.2,12.3,11.7,13.9,25,20,23.4,34.7,37.2,30.9,50,55,67.1
gloves,Clothing,5.1,4.5,3.7,12.3,14.9,18.1,20.8,24.7,29.9,37.3,48.7,49.4,51.7,53.3,67.1
mittens,Clothing,7.7,1.5,10,13.7,17,19.4,23.6,23.5,30.8,44,43.6,55.6,53.4,56.7,67.1
police,People,2.6,0,3.7,4.1,6.4,8.3,9.7,18.8,20.6,20,32.1,50.6,43.1,46.7,67.1
pretzel,Food and Drink,6.4,6.1,6.2,15.1,16,19.4,34.7,24.7,29,33.3,35.9,49.4,50,56.7,67.1
jeans,Clothing,3.8,1.5,6.2,6.8,13.8,20.8,18.1,27.1,27.1,28,41,38.3,46.6,50,67.1
empty,Descriptive Words,10.3,3,11.3,15.1,19.1,27.8,25,37.6,33.6,41.3,50,54.3,53.4,58.3,67.1
vroom,Sound Effects and Animal Sounds,39.7,54.5,66.2,50.7,55.3,68.1,69.4,75.3,68.2,69.3,69.2,64.2,67.2,58.3,67.1
noisy,Descriptive Words,3.8,3,1.3,15.1,10.6,16.7,20.8,32.9,24.3,34.7,44.9,45.7,48.3,46.7,67.1
picnic,Places to Go,3.8,1.5,6.2,11,11.7,9.7,12.5,27.1,27.1,41.3,44.9,54.3,48.3,50,67.1
garden,Outside Things,2.6,1.5,6.2,13.7,6.4,11.1,16.7,24.7,22.4,28,37.2,48.1,41.4,45,67.1
chalk,Toys,5.1,1.5,5,9.6,10.6,13.9,20.8,27.1,29,30.7,32.1,45.7,24.1,41.7,65.7
pick,Action Words,3.8,0,5,11,6.4,12.5,9.7,27.1,23.4,32,48.7,43.2,46.6,65,65.7
mellon,Food and Drink,5.1,3,7.5,15.1,23.4,27.8,31.9,42.4,41.1,36,47.4,58,43.1,58.3,65.7
tear,Action Words,3.8,0,3.7,1.4,7.4,9.7,6.9,17.6,18.7,18.7,25.6,39.5,25.9,43.3,65.7
penguin,Animals (Real or Toy),5.1,4.5,6.2,12.3,13.8,15.3,23.6,25.9,31.8,33.3,38.5,43.2,48.3,53.3,65.7
is,Helping Verbs,3.8,0,3.7,4.1,5.3,12.5,12.5,29.4,19.6,34.7,35.9,59.3,39.7,51.7,65.7
a,Quantifiers and Articles,9,4.5,6.2,9.6,13.8,22.2,27.8,31.8,36.4,29.3,44.9,55.6,51.7,53.3,65.7
another,Quantifiers and Articles,7.7,3,3.7,9.6,9.6,5.6,25,23.5,26.2,32,44.9,40.7,46.6,51.7,65.7
try to,Helping Verbs,3.8,1.5,5,6.8,5.3,6.9,16.7,23.5,22.4,24,32.1,43.2,39.7,46.7,65.7
your,Pronouns,9,0,1.3,1.4,4.3,1.4,5.6,17.6,16.8,28,30.8,44.4,44.8,45,64.3
salt,Food and Drink,3.8,0,2.5,8.2,5.3,11.1,22.2,21.2,24.3,25.3,32.1,45.7,37.9,60,64.3
a lot,Quantifiers and Articles,2.6,0,2.5,2.7,2.1,4.2,9.7,21.2,12.1,26.7,33.3,44.4,43.1,40,64.3
not,Quantifiers and Articles,7.7,0,5,2.7,11.7,4.2,16.7,25.9,23.4,32,43.6,51.9,53.4,53.3,64.3
tractor,Vehicles (Real or Toy),7.7,6.1,10,16.4,18.1,25,36.1,35.3,38.3,44,51.3,61.7,67.2,55,64.3
have to,Helping Verbs,2.6,0,1.3,4.1,3.2,1.4,6.9,22.4,20.6,16,38.5,40.7,44.8,45,64.3
need to,Helping Verbs,7.7,0,5,6.8,6.4,8.3,16.7,29.4,21.5,28,42.3,43.2,51.7,51.7,62.9
brother,People,10.3,15.2,12.5,15.1,12.8,16.7,19.4,37.6,27.1,36,46.2,46.9,55.2,43.3,62.9
old,Descriptive Words,2.6,1.5,0,0,4.3,8.3,9.7,23.5,15.9,24,34.6,34.6,29.3,46.7,62.9
are,Helping Verbs,5.1,0,0,0,4.3,5.6,6.9,16.5,13.1,21.3,29.5,35.8,32.8,36.7,62.9
cockadoodledo,Sound Effects and Animal Sounds,17.9,12.1,15,24.7,20.2,34.7,27.8,43.5,45.8,45.3,53.8,54.3,55.2,58.3,62.9
listen,Action Words,3.8,3,5,9.6,8.5,15.3,9.7,28.2,20.6,22.7,38.5,48.1,44.8,61.7,62.9
church,Places to Go,6.4,9.1,8.8,15.1,19.1,18.1,30.6,35.3,29,40,52.6,55.6,46.6,56.7,62.9
other,Quantifiers and Articles,6.4,0,5,4.1,7.4,11.1,27.8,25.9,31.8,33.3,41,48.1,44.8,43.3,62.9
fit,Action Words,3.8,0,2.5,4.1,4.3,9.7,11.1,18.8,24.3,29.3,37.2,42,41.4,55,61.4
green beans,Food and Drink,7.7,4.5,6.2,9.6,18.1,19.4,19.4,29.4,27.1,26.7,35.9,40.7,41.4,40,61.4
am,Helping Verbs,3.8,0,3.7,2.7,5.3,8.3,11.1,20,15.9,25.3,34.6,45.7,46.6,45,61.4
teacher,People,5.1,0,2.5,5.5,4.3,9.7,15.3,17.6,19.6,14.7,34.6,42,37.9,51.7,61.4
pony,Animals (Real or Toy),7.7,4.5,10,19.2,19.1,27.8,33.3,40,39.3,41.3,51.3,53.1,53.4,58.3,61.4
slow,Descriptive Words,2.6,0,3.7,4.1,1.1,11.1,6.9,14.1,9.3,16,28.2,39.5,39.7,40,61.4
cover,Action Words,5.1,3,2.5,8.2,6.4,13.9,23.6,32.9,28,32,47.4,48.1,56.9,66.7,60
cute,Descriptive Words,6.4,1.5,8.8,20.5,16,20.8,29.2,37.6,32.7,45.3,48.7,50.6,58.6,48.3,60
how,Question Words,2.6,0,7.5,4.1,5.3,1.4,6.9,22.4,14,18.7,37.2,30.9,29.3,46.7,60
roof,Outside Things,2.6,1.5,3.7,2.7,6.4,9.7,20.8,18.8,16.8,29.3,33.3,49.4,43.1,41.7,60
sprinkler,Outside Things,5.1,1.5,3.7,8.2,10.6,13.9,23.6,24.7,24.3,37.3,38.5,56.8,53.4,50,60
chase,Action Words,3.8,4.5,3.7,8.2,5.3,9.7,15.3,25.9,20.6,28,28.2,38.3,36.2,50,60
she,Pronouns,5.1,1.5,1.3,2.7,3.2,8.3,12.5,25.9,12.1,20,37.2,48.1,39.7,51.7,60
give me five,Games and Routines,12.8,19.7,17.5,27.4,28.7,27.8,37.5,42.4,39.3,42.7,59,59.3,56.9,66.7,58.6
tricycle,Vehicles (Real or Toy),5.1,4.5,3.7,4.1,12.8,19.4,22.2,23.5,20.6,26.7,35.9,48.1,27.6,40,58.6
myself,Pronouns,3.8,0,2.5,0,1.1,2.8,15.3,16.5,15,18.7,26.9,25.9,39.7,36.7,58.6
any,Quantifiers and Articles,1.3,0,1.3,1.4,3.2,5.6,15.3,15.3,15.9,22.7,41,42,37.9,50,58.6
goose,Animals (Real or Toy),7.7,10.6,5,26,29.8,23.6,27.8,40,39.3,41.3,47.4,49.4,50,41.7,58.6
shake,Action Words,2.6,3,5,15.1,10.6,16.7,19.4,30.6,27.1,26.7,44.9,46.9,44.8,55,58.6
sneaker,Clothing,6.4,7.6,13.8,16.4,20.2,20.8,31.9,31.8,27.1,44,42.3,48.1,46.6,41.7,58.6
mop,Small Household Items,2.6,0,3.7,8.2,9.6,15.3,23.6,25.9,22.4,21.3,29.5,38.3,32.8,43.3,58.6
will,Helping Verbs,3.8,0,1.3,4.1,2.1,1.4,8.3,11.8,9.3,17.3,20.5,35.8,25.9,40,58.6
rooster,Animals (Real or Toy),5.1,1.5,3.7,11,10.6,19.4,22.2,29.4,34.6,34.7,47.4,54.3,43.1,48.3,57.1
day,Words about Time,3.8,3,5,8.2,6.4,15.3,20.8,30.6,24.3,30.7,38.5,49.4,39.7,53.3,57.1
her,Pronouns,5.1,0,1.3,4.1,2.1,2.8,11.1,21.2,15,18.7,28.2,44.4,31,50,57.1
farm,Places to Go,2.6,1.5,0,2.7,7.4,11.1,15.3,21.2,22.4,29.3,38.5,50.6,36.2,38.3,57.1
after,Words about Time,1.3,0,3.7,2.7,4.3,5.6,11.1,18.8,15.9,29.3,41,39.5,34.5,48.3,57.1
long,Descriptive Words,2.6,0,1.3,2.7,1.1,2.8,8.3,16.5,9.3,12,23.1,35.8,25.9,38.3,55.7
we,Pronouns,6.4,1.5,1.3,1.4,4.3,4.2,11.1,18.8,15,14.7,30.8,38.3,29.3,48.3,55.7
sauce,Food and Drink,3.8,1.5,10,8.2,12.8,9.7,27.8,29.4,34.6,30.7,38.5,42,41.4,55,55.7
think,Action Words,1.3,1.5,1.3,1.4,1.1,5.6,4.2,9.4,10.3,9.3,21.8,27.2,22.4,36.7,55.7
glue,Toys,1.3,0,2.5,6.8,5.3,8.3,11.1,17.6,14,20,29.5,43.2,31,38.3,54.3
be,Helping Verbs,1.3,3,1.3,2.7,2.1,6.9,12.5,14.1,15,21.3,32.1,29.6,22.4,38.3,54.3
because,Connecting Words,3.8,0,2.5,2.7,3.2,4.2,12.5,21.2,14,17.3,32.1,32.1,31,45,54.3
tonight,Words about Time,1.3,0,2.5,5.5,2.1,2.8,6.9,15.3,15,18.7,26.9,29.6,15.5,38.3,54.3
playground,Places to Go,3.8,1.5,5,5.5,6.4,8.3,18.1,22.4,20.6,22.7,37.2,42,25.9,55,54.3
they,Pronouns,2.6,0,0,0,1.1,2.8,2.8,7.1,8.4,13.3,25.6,25.9,24.1,38.3,54.3
finish,Action Words,6.4,0,3.7,8.2,8.5,8.3,13.9,24.7,26.2,32,32.1,44.4,46.6,60,54.3
dump,Action Words,3.8,1.5,1.3,2.7,9.6,6.9,11.1,23.5,21.5,24,29.5,40.7,31,45,52.9
gentle,Descriptive Words,5.1,3,5,5.5,14.9,12.5,22.2,25.9,26.2,32,41,39.5,44.8,36.7,52.9
ankle,Body Parts,2.6,3,7.5,8.2,8.5,13.9,12.5,23.5,19.6,29.3,30.8,35.8,32.8,43.3,52.9
him,Pronouns,1.3,0,1.3,2.7,2.1,6.9,9.7,18.8,13.1,14.7,29.5,43.2,32.8,40,52.9
wolf,Animals (Real or Toy),5.1,3,5,9.6,9.6,18.1,15.3,22.4,23.4,29.3,33.3,51.9,39.7,45,52.9
fine,Descriptive Words,2.6,3,1.3,4.1,5.3,5.6,6.9,22.4,19.6,24,28.2,32.1,31,31.7,52.9
tights,Clothing,2.6,3,3.7,0,7.4,8.3,13.9,12.9,22.4,22.7,28.2,23.5,29.3,33.3,52.9
gotta,Helping Verbs,1.3,1.5,2.5,2.7,4.3,2.8,11.1,16.5,10.3,16,30.8,25.9,27.6,38.3,51.4
coke,Food and Drink,10.3,6.1,6.2,17.8,17,27.8,36.1,25.9,34.6,36,38.5,42,50,53.3,51.4
play pen,Furniture and Rooms,2.6,0,3.7,8.2,8.5,6.9,18.1,15.3,14,14.7,25.6,30.9,31,36.7,51.4
his,Pronouns,3.8,0,0,2.7,2.1,4.2,4.2,16.5,10.3,25.3,21.8,34.6,27.6,35,51.4
stone,Outside Things,6.4,0,6.2,4.1,10.6,8.3,22.2,8.2,16.8,26.7,26.9,33.3,31,33.3,51.4
them,Pronouns,0,0,1.3,2.7,1.1,4.2,11.1,11.8,8.4,16,28.2,32.1,20.7,31.7,50
when,Question Words,1.3,0,2.5,1.4,0,0,1.4,7.1,7.5,10.7,28.2,19.8,19,36.7,50
lollipop,Food and Drink,6.4,4.5,10,20.5,19.1,20.8,33.3,31.8,30.8,46.7,41,58,39.7,60,50
beads,Clothing,7.7,9.1,10,17.8,25.5,25,25,40,28,33.3,41,38.3,36.2,41.7,48.6
none,Quantifiers and Articles,2.6,1.5,5,6.8,3.2,11.1,13.9,15.3,17.8,12,21.8,29.6,27.6,40,48.6
naughty,Descriptive Words,5.1,0,6.2,5.5,5.3,6.9,6.9,16.5,16.8,13.3,19.2,37,25.9,25,48.6
nurse,People,3.8,0,2.5,1.4,5.3,11.1,6.9,11.8,8.4,14.7,19.2,22.2,13.8,25,48.6
tiny,Descriptive Words,1.3,0,1.3,4.1,2.1,12.5,11.1,20,9.3,16,21.8,25.9,32.8,40,48.6
same,Quantifiers and Articles,1.3,0,2.5,1.4,1.1,2.8,8.3,12.9,15.9,18.7,25.6,29.6,25.9,40,48.6
time,Words about Time,0,1.5,5,2.7,4.3,5.6,9.7,14.1,7.5,24,15.4,28.4,20.7,35,47.1
donkey,Animals (Real or Toy),3.8,9.1,8.8,19.2,12.8,22.2,26.4,31.8,29,26.7,38.5,45.7,32.8,41.7,47.1
pretend,Action Words,5.1,1.5,2.5,2.7,1.1,0,6.9,9.4,7.5,13.3,21.8,21,29.3,36.7,47.1
porch,Furniture and Rooms,3.8,1.5,2.5,11,7.4,11.1,16.7,16.5,19.6,22.7,33.3,48.1,29.3,41.7,47.1
was,Helping Verbs,0,0,1.3,0,1.1,1.4,8.3,9.4,8.4,16,21.8,25.9,25.9,33.3,47.1
circus,Places to Go,3.8,1.5,3.7,2.7,2.1,8.3,12.5,12.9,17.8,21.3,29.5,38.3,36.2,40,47.1
hen,Animals (Real or Toy),5.1,3,3.7,8.2,7.4,15.3,13.9,23.5,19.6,24,32.1,23.5,22.4,35,47.1
jar,Small Household Items,1.3,3,5,5.5,6.4,12.5,15.3,14.1,15.9,20,23.1,35.8,31,40,47.1
bench,Furniture and Rooms,2.6,1.5,2.5,2.7,3.2,4.2,8.3,9.4,11.2,9.3,19.2,28.4,15.5,28.3,47.1
much,Quantifiers and Articles,2.6,0,2.5,2.7,4.3,1.4,6.9,12.9,14,13.3,28.2,28.4,22.4,35,47.1
these,Pronouns,3.8,0,7.5,6.8,8.5,11.1,22.2,21.2,19.6,28,43.6,44.4,39.7,45,47.1
vanilla,Food and Drink,1.3,0,3.7,5.5,5.3,5.6,9.7,11.8,10.3,18.7,17.9,33.3,17.2,40,45.7
walker,Small Household Items,3.8,0,1.3,4.1,4.3,8.3,9.7,14.1,10.3,9.3,21.8,23.5,19,31.7,45.7
skate,Action Words,1.3,0,1.3,0,2.1,8.3,4.2,9.4,10.3,14.7,26.9,27.2,22.4,38.3,45.7
sofa,Furniture and Rooms,1.3,3,3.7,6.8,6.4,6.9,15.3,16.5,18.7,17.3,20.5,40.7,31,41.7,45.7
rip,Action Words,1.3,3,1.3,6.8,1.1,11.1,2.8,10.6,15,12,24.4,37,31,30,45.7
scarf,Clothing,2.6,1.5,5,2.7,4.3,6.9,16.7,5.9,13.1,10.7,17.9,22.2,25.9,26.7,44.3
our,Pronouns,1.3,0,0,0,3.2,0,2.8,11.8,8.4,13.3,16.7,28.4,22.4,31.7,44.3
those,Pronouns,1.3,0,3.7,2.7,4.3,4.2,9.7,17.6,14,13.3,29.5,28.4,29.3,40,44.3
babysitter,People,3.8,0,2.5,0,3.2,5.6,11.1,20,17.8,16,20.5,32.1,34.5,33.3,44.3
hers,Pronouns,3.8,0,0,2.7,1.1,2.8,5.6,10.6,9.3,16,20.5,28.4,22.4,38.3,44.3
tray,Small Household Items,1.3,1.5,2.5,1.4,5.3,8.3,8.3,11.8,13.1,14.7,19.2,24.7,13.8,25,44.3
but,Connecting Words,1.3,0,0,0,2.1,2.8,1.4,5.9,6.5,9.3,19.2,23.5,19,21.7,44.3
so,Connecting Words,1.3,0,0,4.1,3.2,8.3,5.6,11.8,11.2,16,20.5,24.7,17.2,36.7,42.9
could,Helping Verbs,0,0,1.3,4.1,1.1,2.8,2.8,7.1,3.7,9.3,14.1,21,13.8,26.7,42.9
child,People,2.6,1.5,5,0,4.3,5.6,6.9,14.1,12.1,9.3,12.8,23.5,15.5,31.7,41.4
sled,Vehicles (Real or Toy),0,1.5,1.3,4.1,8.5,9.7,8.3,14.1,12.1,17.3,28.2,28.4,20.7,38.3,41.4
yesterday,Words about Time,0,0,1.3,1.4,2.1,1.4,6.9,10.6,8.4,14.7,15.4,18.5,17.2,26.7,41.4
then,Connecting Words,2.6,0,0,0,1.1,2.8,0,8.2,6.5,13.3,19.2,18.5,12.1,20,41.4
cowboy,People,0,1.5,0,5.5,3.2,6.9,11.1,10.6,14,12,24.4,27.2,32.8,30,41.4
does,Helping Verbs,1.3,0,1.3,0,1.1,5.6,9.7,10.6,9.3,17.3,23.1,35.8,27.6,38.3,41.4
moose,Animals (Real or Toy),1.3,4.5,7.5,13.7,7.4,15.3,19.4,18.8,21.5,16,33.3,39.5,27.6,31.7,40
were,Helping Verbs,0,0,0,0,0,0,4.2,4.7,3.7,6.7,12.8,17.3,10.3,18.3,38.6
us,Pronouns,1.3,0,0,1.4,0,1.4,5.6,8.2,5.6,10.7,15.4,21,15.5,21.7,38.6
every,Quantifiers and Articles,0,0,0,0,0,1.4,2.8,14.1,6.5,10.7,12.8,18.5,22.4,38.3,37.1
wish,Action Words,2.6,0,1.3,0,2.1,1.4,2.8,3.5,4.7,6.7,14.1,19.8,10.3,18.3,37.1
last,Descriptive Words,0,0,1.3,1.4,1.1,6.9,6.9,10.6,4.7,14.7,17.9,17.3,22.4,30,37.1
before,Words about Time,0,0,1.3,0,1.1,2.8,4.2,7.1,3.7,12,21.8,14.8,12.1,26.7,37.1
vagina,Body Parts,5.1,4.5,11.3,13.7,13.8,13.9,22.2,21.2,28,29.3,29.5,33.3,39.7,38.3,35.7
hate,Action Words,2.6,0,1.3,0,1.1,1.4,1.4,9.4,4.7,16,15.4,19.8,24.1,28.3,34.3
would,Helping Verbs,1.3,0,1.3,0,0,2.8,1.4,4.7,3.7,5.3,11.5,14.8,10.3,21.7,34.3
person,People,2.6,1.5,2.5,1.4,3.2,5.6,4.2,7.1,6.5,8,11.5,19.8,13.8,21.7,34.3
camping,Places to Go,0,1.5,0,2.7,4.3,9.7,6.9,12.9,13.1,24,24.4,24.7,27.6,30,34.3
downtown,Places to Go,0,0,0,4.1,2.1,4.2,4.2,14.1,9.3,18.7,16.7,29.6,22.4,35,34.3
their,Pronouns,1.3,0,1.3,1.4,1.1,2.8,2.8,7.1,2.8,4,17.9,22.2,19,28.3,32.9
snowsuit,Clothing,1.3,1.5,3.7,5.5,2.1,6.9,9.7,8.2,11.2,17.3,16.7,21,20.7,18.3,32.9
which,Question Words,1.3,0,1.3,0,1.1,0,1.4,7.1,4.7,5.3,12.8,9.9,15.5,20,31.4
if,Connecting Words,0,0,0,1.4,1.1,2.8,1.4,2.4,4.7,12,9,12.3,8.6,18.3,31.4
woods,Places to Go,1.3,1.5,0,2.7,1.1,8.3,4.2,8.2,7.5,17.3,21.8,25.9,13.8,25,31.4
an,Quantifiers and Articles,0,0,0,0,1.1,1.4,4.2,4.7,5.6,10.7,12.8,12.3,12.1,18.3,30
poor,Descriptive Words,2.6,0,1.3,2.7,2.1,5.6,1.4,8.2,10.3,13.3,23.1,17.3,15.5,28.3,30
basement,Furniture and Rooms,1.3,0,3.7,2.7,7.4,8.3,15.3,11.8,15,24,23.1,29.6,24.1,20,30
each,Quantifiers and Articles,0,0,0,1.4,0,1.4,2.8,5.9,2.8,6.7,10.3,11.1,8.6,15,27.1
yourself,Pronouns,1.3,0,0,1.4,0,0,2.8,4.7,2.8,5.3,7.7,16,17.2,23.3,27.1
country,Places to Go,0,1.5,0,0,0,4.2,5.6,3.5,4.7,6.7,6.4,9.9,10.3,11.7,15.7
